-- phpMyAdmin SQL Dump
-- version 3.2.0.1
-- http://www.phpmyadmin.net
--
-- Host: localhost
-- Generation Time: Aug 01, 2009 at 04:37 PM
-- Server version: 5.0.75
-- PHP Version: 5.2.6-3ubuntu4.1

SET SQL_MODE="NO_AUTO_VALUE_ON_ZERO";


/*!40101 SET @OLD_CHARACTER_SET_CLIENT=@@CHARACTER_SET_CLIENT */;
/*!40101 SET @OLD_CHARACTER_SET_RESULTS=@@CHARACTER_SET_RESULTS */;
/*!40101 SET @OLD_COLLATION_CONNECTION=@@COLLATION_CONNECTION */;
/*!40101 SET NAMES utf8 */;

--
-- Database: `bmx_behindbars`
--

-- --------------------------------------------------------

--
-- Table structure for table `bmx_forum_category`
--

CREATE TABLE IF NOT EXISTS `bmx_forum_category` (
  `id` int(11) NOT NULL auto_increment,
  `category_name` varchar(255) NOT NULL,
  `desc` varchar(54) NOT NULL,
  PRIMARY KEY  (`id`)
) ENGINE=MyISAM  DEFAULT CHARSET=utf8 AUTO_INCREMENT=8 ;

--
-- Dumping data for table `bmx_forum_category`
--

INSERT INTO `bmx_forum_category` (`id`, `category_name`, `desc`) VALUES
(1, 'Generelt BMX', 'Alt det der ikke passer ind andre steder'),
(2, 'Teknik/Produkter/Reparering', 'Gode tips'),
(3, 'Events', 'Sker der noget? Post det her!'),
(4, 'Køb/Sælg', 'Skal du have fat i noget, eller vil du af med noget?'),
(5, 'Vis dig frem', 'Saml dine fedeste pics, og smid dem samlet her til blæ'),
(6, 'Behindbars.dk', 'Kritik, forslag og alt andet'),
(7, 'Off-topic', 'Alt non-related snak ');

-- --------------------------------------------------------

--
-- Table structure for table `bmx_forum_entries`
--

CREATE TABLE IF NOT EXISTS `bmx_forum_entries` (
  `id` int(11) NOT NULL auto_increment,
  `bmx_forum_topic` int(11) NOT NULL,
  `text` longtext NOT NULL,
  `bmx_user_id` int(11) NOT NULL,
  `timestamp` int(11) NOT NULL,
  PRIMARY KEY  (`id`)
) ENGINE=MyISAM  DEFAULT CHARSET=utf8 AUTO_INCREMENT=2 ;

--
-- Dumping data for table `bmx_forum_entries`
--

INSERT INTO `bmx_forum_entries` (`id`, `bmx_forum_topic`, `text`, `bmx_user_id`, `timestamp`) VALUES
(1, 1, 'hahahahahaha', 1, 0);

-- --------------------------------------------------------

--
-- Table structure for table `bmx_forum_topics`
--

CREATE TABLE IF NOT EXISTS `bmx_forum_topics` (
  `id` int(11) NOT NULL auto_increment,
  `timestamp` int(11) NOT NULL,
  `bmx_user_id` int(11) NOT NULL,
  `title` varchar(255) NOT NULL,
  `text` longtext NOT NULL,
  `bmx_forum_category` tinyint(4) NOT NULL,
  `last_written` int(11) NOT NULL,
  PRIMARY KEY  (`id`)
) ENGINE=MyISAM  DEFAULT CHARSET=utf8 AUTO_INCREMENT=8 ;

--
-- Dumping data for table `bmx_forum_topics`
--

INSERT INTO `bmx_forum_topics` (`id`, `timestamp`, `bmx_user_id`, `title`, `text`, `bmx_forum_category`, `last_written`) VALUES
(1, 12312312, 1, 'Jeg er kage', 'Ja jeg er', 1, 0),
(2, 2, 1, '2 lalalalala', '10hi jeg er sej\r\n:D\r\n\r\n\r\nadf\r\nsdf\r\nsd\r\nf\r\nsd\r\nf\r\n', 1, 2),
(3, 300, 1, '3 hahaha', 'asdasd\r\n\r\n\r\nKAW!', 1, 300),
(4, 1152934858, 1, 'adasd', 'Skriv din tekst her!', 4, 1152934858),
(5, 1152934918, 1, 'habbelab', 'Skriv din tekst her!\r\ntest\r\ntest', 6, 1152934918),
(6, 1152935094, 1, 'adf', 'Skriv din tekst her!adf', 1, 1152935094),
(7, 1153837208, 1, 'test utf8', 'Skriv din tekst her!\r\n\r\n\r\næøå\r\n\r\njeg er lækker', 1, 1153837208);

-- --------------------------------------------------------

--
-- Table structure for table `bmx_gallery`
--

CREATE TABLE IF NOT EXISTS `bmx_gallery` (
  `id` int(11) NOT NULL auto_increment,
  `url` varchar(255) NOT NULL,
  `uploader` varchar(255) NOT NULL,
  `note` varchar(255) NOT NULL,
  PRIMARY KEY  (`id`)
) ENGINE=MyISAM  DEFAULT CHARSET=utf8 AUTO_INCREMENT=226 ;

--
-- Dumping data for table `bmx_gallery`
--

INSERT INTO `bmx_gallery` (`id`, `url`, `uploader`, `note`) VALUES
(8, '1167822722', 'kawsper', 'spot12'),
(5, '1167814319', 'kawsper', 'spot10'),
(4, '1167814278', 'kawsper', 'spot10'),
(9, '1167822757', 'kawsper', 'spot12'),
(10, '1167944007', 'kawsper', 'spot13'),
(11, '1167944092', 'kawsper', 'spot13'),
(13, '1167946099', 'kawsper', 'spot12'),
(14, '1167946116', 'kawsper', 'spot12'),
(15, '1167946132', 'kawsper', 'spot12'),
(16, '1167946147', 'kawsper', 'spot12'),
(17, '1167946169', 'kawsper', 'spot12'),
(18, '1167946206', 'kawsper', 'spot12'),
(19, '1167946222', 'kawsper', 'spot12'),
(20, '1167976585', 'Rolfing', 'spot14'),
(21, '1168034501', 'kawsper', 'spot20'),
(22, '1168034583', 'kawsper', 'spot20'),
(23, '1168034650', 'kawsper', 'spot20'),
(24, '1168034723', 'kawsper', 'spot20'),
(25, '1168034813', 'kawsper', 'spot20'),
(26, '1168034914', 'kawsper', 'spot20'),
(27, '1168035022', 'kawsper', 'spot20'),
(28, '1168035093', 'kawsper', 'spot20'),
(29, '1168071964', 'moizzle86', 'spot21'),
(30, '1168071982', 'moizzle86', 'spot21'),
(31, '1168071999', 'moizzle86', 'spot21'),
(32, '1168072022', 'moizzle86', 'spot21'),
(33, '1168072044', 'moizzle86', 'spot21'),
(34, '1168072078', 'moizzle86', 'spot21'),
(35, '1168072108', 'moizzle86', 'spot21'),
(36, '1168072134', 'moizzle86', 'spot21'),
(37, '1168072157', 'moizzle86', 'spot21'),
(38, '1168072191', 'moizzle86', 'spot21'),
(39, '1168072929', 'moizzle86', 'spot22'),
(40, '1168072965', 'moizzle86', 'spot22'),
(41, '1168087898', 'bmxkillar', 'spot23'),
(42, '1168088043', 'bmxkillar', 'spot23'),
(43, '1168088069', 'bmxkillar', 'spot23'),
(44, '1168088103', 'bmxkillar', 'spot23'),
(45, '1168088133', 'bmxkillar', 'spot23'),
(46, '1168088186', 'bmxkillar', 'spot23'),
(47, '1168088229', 'bmxkillar', 'spot23'),
(48, '1168088283', 'bmxkillar', 'spot23'),
(49, '1168088349', 'bmxkillar', 'spot23'),
(50, '1168088377', 'bmxkillar', 'spot23'),
(51, '1168088413', 'bmxkillar', 'spot23'),
(52, '1168088476', 'bmxkillar', 'spot23'),
(53, '1168088537', 'bmxkillar', 'spot21'),
(54, '1168088644', 'bmxkillar', 'spot21'),
(55, '1168088685', 'bmxkillar', 'spot21'),
(56, '1168088726', 'bmxkillar', 'spot21'),
(57, '1168089007', 'bmxkillar', 'spot22'),
(58, '1168089107', 'bmxkillar', 'spot22'),
(59, '1168115892', 'zpix', 'spot25'),
(60, '1168115913', 'zpix', 'spot25'),
(61, '1168115937', 'zpix', 'spot25'),
(62, '1168434358', 'angrymonkey', 'spot23'),
(63, '1168434411', 'angrymonkey', 'spot23'),
(64, '1168434439', 'angrymonkey', 'spot23'),
(65, '1168434880', 'angrymonkey', 'spot23'),
(66, '1168434909', 'angrymonkey', 'spot23'),
(67, '1168434989', 'angrymonkey', 'spot23'),
(68, '1168435047', 'angrymonkey', 'spot23'),
(69, '1168435075', 'angrymonkey', 'spot23'),
(70, '1168435559', 'angrymonkey', 'spot23'),
(71, '1168435614', 'angrymonkey', 'spot23'),
(72, '1168435928', 'angrymonkey', 'spot23'),
(73, '1168436101', 'angrymonkey', 'spot23'),
(74, '1168436224', 'angrymonkey', 'spot23'),
(75, '1169147807', 'Sumophoto', 'spot26'),
(76, '1175329108', 'bmxkillar', 'spot28'),
(77, '1176227626', 'jakobsen', 'spot29'),
(78, '1177082707', 'moizzle86', 'spot30'),
(79, '1177082734', 'moizzle86', 'spot30'),
(80, '1177099261', 'kawsper', 'spot30'),
(81, '1177099309', 'kawsper', 'spot30'),
(82, '1177099320', 'kawsper', 'spot30'),
(83, '1177106147', 'angrymonkey', 'spot31'),
(84, '1177106179', 'angrymonkey', 'spot31'),
(85, '1177106201', 'angrymonkey', 'spot31'),
(86, '1177106220', 'angrymonkey', 'spot31'),
(87, '1177106240', 'angrymonkey', 'spot31'),
(88, '1177106262', 'angrymonkey', 'spot31'),
(89, '1177106288', 'angrymonkey', 'spot31'),
(90, '1177106312', 'angrymonkey', 'spot31'),
(91, '1177106342', 'angrymonkey', 'spot31'),
(92, '1177106372', 'angrymonkey', 'spot31'),
(93, '1177106396', 'angrymonkey', 'spot31'),
(94, '1177106453', 'angrymonkey', 'spot31'),
(95, '1177106490', 'angrymonkey', 'spot31'),
(96, '1177106531', 'angrymonkey', 'spot31'),
(97, '1177106695', 'angrymonkey', 'spot31'),
(98, '1177106726', 'angrymonkey', 'spot31'),
(99, '1177403227', 'kawsper', 'spot33'),
(100, '1177403239', 'kawsper', 'spot33'),
(101, '1177403250', 'kawsper', 'spot33'),
(102, '1177403264', 'kawsper', 'spot33'),
(103, '1177403278', 'kawsper', 'spot33'),
(104, '1177403292', 'kawsper', 'spot33'),
(105, '1177403309', 'kawsper', 'spot33'),
(106, '1177404773', 'kawsper', 'spot34'),
(107, '1177405160', 'kawsper', 'spot35'),
(108, '1177405178', 'kawsper', 'spot35'),
(109, '1177405201', 'kawsper', 'spot35'),
(110, '1177405222', 'kawsper', 'spot35'),
(111, '1177405239', 'kawsper', 'spot35'),
(112, '1177446759', 'bmxkillar', 'spot28'),
(113, '1177446775', 'bmxkillar', 'spot28'),
(114, '1177446795', 'bmxkillar', 'spot28'),
(115, '1177446819', 'bmxkillar', 'spot28'),
(116, '1177446831', 'bmxkillar', 'spot28'),
(117, '1177447684', 'bmxkillar', 'spot38'),
(118, '1177480663', 'moizzle86', 'spot22'),
(119, '1177480690', 'moizzle86', 'spot22'),
(120, '1177584442', 'Jesper_Olsen', 'spot39'),
(121, '1177584457', 'Jesper_Olsen', 'spot39'),
(122, '1177584477', 'Jesper_Olsen', 'spot39'),
(123, '1177584496', 'Jesper_Olsen', 'spot39'),
(124, '1177584507', 'Jesper_Olsen', 'spot39'),
(125, '1177584521', 'Jesper_Olsen', 'spot39'),
(126, '1177584533', 'Jesper_Olsen', 'spot39'),
(127, '1177584547', 'Jesper_Olsen', 'spot39'),
(128, '1177584560', 'Jesper_Olsen', 'spot39'),
(129, '1177584573', 'Jesper_Olsen', 'spot39'),
(130, '1177584585', 'Jesper_Olsen', 'spot39'),
(131, '1177584595', 'Jesper_Olsen', 'spot39'),
(132, '1177584612', 'Jesper_Olsen', 'spot39'),
(133, '1177584627', 'Jesper_Olsen', 'spot39'),
(134, '1177584641', 'Jesper_Olsen', 'spot39'),
(135, '1177584665', 'Jesper_Olsen', 'spot39'),
(136, '1177584676', 'Jesper_Olsen', 'spot39'),
(137, '1177584688', 'Jesper_Olsen', 'spot39'),
(138, '1177584701', 'Jesper_Olsen', 'spot39'),
(139, '1177584712', 'Jesper_Olsen', 'spot39'),
(140, '1177584725', 'Jesper_Olsen', 'spot39'),
(141, '1177584738', 'Jesper_Olsen', 'spot39'),
(142, '1177584754', 'Jesper_Olsen', 'spot39'),
(143, '1177584764', 'Jesper_Olsen', 'spot39'),
(144, '1177584795', 'Jesper_Olsen', 'spot39'),
(145, '1177584805', 'Jesper_Olsen', 'spot39'),
(146, '1177584816', 'Jesper_Olsen', 'spot39'),
(147, '1177584831', 'Jesper_Olsen', 'spot39'),
(148, '1177584841', 'Jesper_Olsen', 'spot39'),
(149, '1177584852', 'Jesper_Olsen', 'spot39'),
(150, '1177584872', 'Jesper_Olsen', 'spot39'),
(151, '1177584888', 'Jesper_Olsen', 'spot39'),
(152, '1177584935', 'Jesper_Olsen', 'spot39'),
(153, '1177584946', 'Jesper_Olsen', 'spot39'),
(154, '1177584975', 'Jesper_Olsen', 'spot39'),
(155, '1177584994', 'Jesper_Olsen', 'spot39'),
(156, '1177585036', 'Jesper_Olsen', 'spot39'),
(157, '1177585046', 'Jesper_Olsen', 'spot39'),
(158, '1177585058', 'Jesper_Olsen', 'spot39'),
(159, '1177703426', 'george', 'spot40'),
(160, '1177703446', 'george', 'spot40'),
(161, '1177703470', 'george', 'spot40'),
(162, '1177703491', 'george', 'spot40'),
(163, '1177704010', 'george', 'spot41'),
(164, '1177704031', 'george', 'spot41'),
(165, '1177704073', 'george', 'spot41'),
(166, '1177704098', 'george', 'spot41'),
(167, '1177704126', 'george', 'spot41'),
(168, '1177704319', 'george', 'spot41'),
(169, '1177704343', 'george', 'spot41'),
(170, '1177704375', 'george', 'spot41'),
(171, '1177704633', 'george', 'spot41'),
(172, '1177704679', 'george', 'spot41'),
(173, '1177704715', 'george', 'spot41'),
(174, '1177704815', 'george', 'spot41'),
(175, '1177764163', 'george', 'spot42'),
(176, '1177764305', 'george', 'spot42'),
(177, '1177764322', 'george', 'spot42'),
(178, '1177764345', 'george', 'spot42'),
(179, '1177764382', 'george', 'spot42'),
(180, '1177769249', 'george', 'spot23'),
(181, '1177789880', 'george', 'spot43'),
(182, '1177789904', 'george', 'spot43'),
(183, '1177789972', 'george', 'spot43'),
(184, '1177790046', 'george', 'spot43'),
(185, '1177790287', 'george', 'spot43'),
(186, '1177790495', 'george', 'spot43'),
(187, '1177790551', 'george', 'spot43'),
(188, '1177790647', 'george', 'spot43'),
(189, '1177790755', 'george', 'spot43'),
(190, '1177790831', 'george', 'spot43'),
(191, '1178134302', 'bmxkillar', 'spot44'),
(192, '1178134333', 'bmxkillar', 'spot44'),
(193, '1178134365', 'bmxkillar', 'spot44'),
(194, '1178134398', 'bmxkillar', 'spot44'),
(195, '1178561899', 'bmxkillar', 'spot29'),
(196, '1178561936', 'bmxkillar', 'spot29'),
(197, '1178561962', 'bmxkillar', 'spot29'),
(198, '1178561975', 'bmxkillar', 'spot29'),
(199, '1179062859', 'martins', 'spot45'),
(200, '1179062874', 'martins', 'spot45'),
(201, '1179062888', 'martins', 'spot45'),
(202, '1179062907', 'martins', 'spot45'),
(203, '1179062922', 'martins', 'spot45'),
(204, '1184661776', 'kristianwagner', 'spot46'),
(205, '1184661784', 'kristianwagner', 'spot46'),
(206, '1184661795', 'kristianwagner', 'spot46'),
(207, '1184661808', 'kristianwagner', 'spot46'),
(208, '1184661816', 'kristianwagner', 'spot46'),
(209, '1186253449', 'george', 'spot31'),
(210, '1193002590', 'neslein', 'spot48'),
(211, '1193002607', 'neslein', 'spot48'),
(212, '1193002629', 'neslein', 'spot48'),
(213, '1193002650', 'neslein', 'spot48'),
(214, '1193002682', 'neslein', 'spot48'),
(215, '1193002700', 'neslein', 'spot48'),
(216, '1197829086', 'neslein', 'spot49'),
(217, '1197829249', 'neslein', 'spot49'),
(218, '1197829266', 'neslein', 'spot49'),
(219, '1220290849', 'Tersing', 'spot51'),
(220, '1220290861', 'Tersing', 'spot51'),
(221, '1220290873', 'Tersing', 'spot51'),
(222, '1220293104', 'Tersing', 'spot51'),
(223, '1220293116', 'Tersing', 'spot51'),
(224, '1220293496', 'Tersing', 'spot51'),
(225, '1220293509', 'Tersing', 'spot51');

-- --------------------------------------------------------

--
-- Table structure for table `bmx_howto_articles`
--

CREATE TABLE IF NOT EXISTS `bmx_howto_articles` (
  `id` int(11) NOT NULL auto_increment,
  `writer` int(11) NOT NULL,
  `trick` varchar(255) NOT NULL,
  `text` text NOT NULL,
  `bmx_howto_category` smallint(2) NOT NULL,
  `timestamp` int(11) NOT NULL,
  PRIMARY KEY  (`id`)
) ENGINE=MyISAM DEFAULT CHARSET=utf8 AUTO_INCREMENT=1 ;

--
-- Dumping data for table `bmx_howto_articles`
--


-- --------------------------------------------------------

--
-- Table structure for table `bmx_howto_category`
--

CREATE TABLE IF NOT EXISTS `bmx_howto_category` (
  `id` int(11) NOT NULL auto_increment,
  `category_name` varchar(200) NOT NULL,
  `desc` varchar(255) NOT NULL,
  PRIMARY KEY  (`id`)
) ENGINE=MyISAM  DEFAULT CHARSET=utf8 AUTO_INCREMENT=5 ;

--
-- Dumping data for table `bmx_howto_category`
--

INSERT INTO `bmx_howto_category` (`id`, `category_name`, `desc`) VALUES
(1, 'Aerials', 'Tricks udført på verts, quarterpipes eller halfpipes som kræver op til 180 graders rotation'),
(2, 'Hop', 'Ganske lige til tricks over dirt doubles, spines eller wedges'),
(3, 'Lip tricks', 'Tricks der kan udføres på copings, ledges eller rails, mest af tiden er et hop involveret'),
(4, 'Andre', 'Simple, eller andre der ikke passer ind andre steder');

-- --------------------------------------------------------

--
-- Table structure for table `bmx_howto_entries`
--

CREATE TABLE IF NOT EXISTS `bmx_howto_entries` (
  `id` int(11) NOT NULL auto_increment,
  `bmx_howto_article` int(11) NOT NULL,
  `text` text NOT NULL,
  ` bmx_user_id` int(11) NOT NULL,
  `timestamp` int(11) NOT NULL,
  PRIMARY KEY  (`id`)
) ENGINE=MyISAM DEFAULT CHARSET=utf8 AUTO_INCREMENT=1 ;

--
-- Dumping data for table `bmx_howto_entries`
--


-- --------------------------------------------------------

--
-- Table structure for table `bmx_news`
--

CREATE TABLE IF NOT EXISTS `bmx_news` (
  `id` int(11) NOT NULL auto_increment,
  `timestamp` int(11) NOT NULL,
  `writer` int(11) NOT NULL,
  `intro` text NOT NULL,
  `title` varchar(255) NOT NULL,
  `text` longtext NOT NULL,
  `picture_url` varchar(255) NOT NULL,
  `height` int(3) NOT NULL,
  `width` int(3) NOT NULL,
  `approved` tinyint(1) NOT NULL default '0',
  PRIMARY KEY  (`id`)
) ENGINE=MyISAM  DEFAULT CHARSET=utf8 AUTO_INCREMENT=6 ;

--
-- Dumping data for table `bmx_news`
--

INSERT INTO `bmx_news` (`id`, `timestamp`, `writer`, `intro`, `title`, `text`, `picture_url`, `height`, `width`, `approved`) VALUES
(2, 0, 1, '', 'Hahahahahaha', 'Det virker garanteret ikke! æøå', '', 0, 0, 2),
(3, 1150508586, 1, 'Det var nemlig Keenan Milton der ikke kunne undvære sin radio i den gode gamle Girl video Mouse. Brian Bak Pedersen kom hurtigt med et godt svar og har da også et par programmer han vil lytte til på sin nye lommeradio. Tillykke!', 'Vinder af Chocolate konkurrence', 'Vinder:\r\n1. LL Cool J kunne ikke, men heller ikke Keenan Milton... Bedste skateboarder nogensinde! Bedste stil, switch stance som ingen andre... Uhh, jeg kunne blive ved! RIP Keenan Milton.. Keep shining!\r\n\r\n2. I modsætning til Keenan, må jeg indrømme at jeg sagtens kan leve uden min radio... 95% af nutidens musik er røvsygt, for at sige det lige ud... Hvis vi gik tilbage til 50-70''erne var der tale om innovative folk, der virkelig lavede originalt og super krævende musik...Hmm, har simpelthen ingen dansk favorit station, da jeg ikke kan holde ud at lytte til størstedelen af det musik, der bliver spillet... Hvis jeg skal sige et program, må det blive Copenhagen Most Blunted lige ud af eventyrlandet (staden), timen med Noize (tidligere Det Store Mix med Dj Typhoon) på P3.. Eller undergrunds-radioen BTSradio fra Los Angeles... Man skal lede langt efter den gode musik nu om dage, så håber at jeg kan fange BTS-radios signal på den fancy chocolate radio..hehe?!! ellers snupper vi sgu bare voice for fredens skyld :-) Fed er den ihvertfald!\r\n\r\nBrian Bak Pedersen\r\nTåsingegade 41, 4. tv\r\n2100 København Ø\r\n\r\nPræmie:\r\n1 Chocolate Devine Calloway board og en Chocolate lommeradio', '44433.jpg', 82, 112, 2),
(4, 1162066766, 1, '', 'Test', 'Tekst!', '', 0, 0, 0),
(5, 1162066820, 1, '', 'Test', 'Tekst!', '', 0, 0, 0);

-- --------------------------------------------------------

--
-- Table structure for table `bmx_news_entries`
--

CREATE TABLE IF NOT EXISTS `bmx_news_entries` (
  `id` int(11) NOT NULL auto_increment,
  `bmx_news_id` int(11) NOT NULL,
  `text` longtext NOT NULL,
  `bmx_user_id` int(11) NOT NULL,
  `timestamp` int(11) NOT NULL,
  PRIMARY KEY  (`id`)
) ENGINE=MyISAM  DEFAULT CHARSET=utf8 AUTO_INCREMENT=3 ;

--
-- Dumping data for table `bmx_news_entries`
--

INSERT INTO `bmx_news_entries` (`id`, `bmx_news_id`, `text`, `bmx_user_id`, `timestamp`) VALUES
(1, 2, 'hihihihihii', 1, 0),
(2, 2, '10hi', 1, 0);

-- --------------------------------------------------------

--
-- Table structure for table `bmx_news_voters`
--

CREATE TABLE IF NOT EXISTS `bmx_news_voters` (
  `id` int(11) NOT NULL auto_increment,
  `newsitem` int(11) NOT NULL,
  `voter` int(11) NOT NULL,
  PRIMARY KEY  (`id`)
) ENGINE=MyISAM  DEFAULT CHARSET=utf8 AUTO_INCREMENT=4 ;

--
-- Dumping data for table `bmx_news_voters`
--

INSERT INTO `bmx_news_voters` (`id`, `newsitem`, `voter`) VALUES
(3, 3, 1);

-- --------------------------------------------------------

--
-- Table structure for table `bmx_poll`
--

CREATE TABLE IF NOT EXISTS `bmx_poll` (
  `id` int(11) NOT NULL auto_increment,
  `question` varchar(255) NOT NULL,
  `options` varchar(255) NOT NULL,
  `answers` varchar(255) NOT NULL,
  `timestamp` int(11) NOT NULL,
  `bmx_user_id` int(11) NOT NULL,
  PRIMARY KEY  (`id`)
) ENGINE=MyISAM  DEFAULT CHARSET=utf8 AUTO_INCREMENT=4 ;

--
-- Dumping data for table `bmx_poll`
--

INSERT INTO `bmx_poll` (`id`, `question`, `options`, `answers`, `timestamp`, `bmx_user_id`) VALUES
(3, 'Er du glad?', 'Ja;nej;ja', '', 0, 1);

-- --------------------------------------------------------

--
-- Table structure for table `bmx_poll_voters`
--

CREATE TABLE IF NOT EXISTS `bmx_poll_voters` (
  `voteid` int(11) NOT NULL,
  `bmx_user_id` int(11) NOT NULL
) ENGINE=MyISAM DEFAULT CHARSET=utf8;

--
-- Dumping data for table `bmx_poll_voters`
--


-- --------------------------------------------------------

--
-- Table structure for table `bmx_postnr`
--

CREATE TABLE IF NOT EXISTS `bmx_postnr` (
  `postnr` smallint(4) NOT NULL,
  `bynavn` varchar(100) NOT NULL,
  `amt` varchar(100) NOT NULL
) ENGINE=MyISAM DEFAULT CHARSET=utf8;

--
-- Dumping data for table `bmx_postnr`
--

INSERT INTO `bmx_postnr` (`postnr`, `bynavn`, `amt`) VALUES
(1610, 'København V', 'Københavns Amt'),
(1622, 'København V', 'Københavns Amt'),
(1621, 'København V', 'Københavns Amt'),
(1620, 'København V', 'Københavns Amt'),
(1619, 'København V', 'Københavns Amt'),
(1618, 'København V', 'Københavns Amt'),
(1617, 'København V', 'Københavns Amt'),
(1616, 'København V', 'Københavns Amt'),
(1615, 'København V', 'Københavns Amt'),
(1431, 'København K', 'Københavns Amt'),
(1611, 'København V', 'Københavns Amt'),
(1631, 'København V', 'Københavns Amt'),
(1609, 'København V', 'Københavns Amt'),
(1608, 'København V', 'Københavns Amt'),
(1606, 'København V', 'Københavns Amt'),
(1603, 'København V', 'Københavns Amt'),
(1602, 'København V', 'Københavns Amt'),
(1601, 'København V', 'Københavns Amt'),
(1600, 'København V', 'Københavns Amt'),
(1599, 'København V', 'Københavns Amt'),
(1614, 'København V', 'Københavns Amt'),
(1654, 'København V', 'Københavns Amt'),
(1664, 'København V', 'Københavns Amt'),
(1663, 'København V', 'Københavns Amt'),
(1662, 'København V', 'Københavns Amt'),
(1661, 'København V', 'Københavns Amt'),
(1660, 'København V', 'Københavns Amt'),
(1659, 'København V', 'Københavns Amt'),
(1658, 'København V', 'Københavns Amt'),
(1657, 'København V', 'Københavns Amt'),
(1623, 'København V', 'Københavns Amt'),
(1655, 'København V', 'Københavns Amt'),
(1624, 'København V', 'Københavns Amt'),
(1653, 'København V', 'Københavns Amt'),
(1652, 'København V', 'Københavns Amt'),
(1651, 'København V', 'Københavns Amt'),
(1650, 'København V', 'Københavns Amt'),
(1635, 'København V', 'Københavns Amt'),
(1634, 'København V', 'Københavns Amt'),
(1633, 'København V', 'Københavns Amt'),
(1632, 'København V', 'Københavns Amt'),
(1575, 'København V', 'Københavns Amt'),
(1656, 'København V', 'Københavns Amt'),
(1454, 'København K', 'Københavns Amt'),
(1577, 'København V', 'Københavns Amt'),
(1464, 'København K', 'Københavns Amt'),
(1463, 'København K', 'Københavns Amt'),
(1462, 'København K', 'Københavns Amt'),
(1460, 'København K', 'Københavns Amt'),
(1459, 'København K', 'Københavns Amt'),
(1458, 'København K', 'Københavns Amt'),
(1457, 'København K', 'Københavns Amt'),
(1467, 'København K', 'Københavns Amt'),
(1455, 'København K', 'Københavns Amt'),
(1470, 'København K', 'Københavns Amt'),
(1453, 'København K', 'Københavns Amt'),
(1452, 'København K', 'Københavns Amt'),
(1451, 'København K', 'Københavns Amt'),
(1450, 'København K', 'Københavns Amt'),
(1439, 'København K', 'Københavns Amt'),
(1437, 'København K', 'Københavns Amt'),
(1436, 'København K', 'Københavns Amt'),
(1433, 'København K', 'Københavns Amt'),
(1432, 'København K', 'Københavns Amt'),
(1456, 'København K', 'Københavns Amt'),
(1559, 'København V', 'Københavns Amt'),
(1667, 'København V', 'Københavns Amt'),
(1574, 'København V', 'Københavns Amt'),
(1573, 'København V', 'Københavns Amt'),
(1572, 'København V', 'Københavns Amt'),
(1571, 'København V', 'Københavns Amt'),
(1570, 'København V', 'Københavns Amt'),
(1569, 'København V', 'Københavns Amt'),
(1568, 'København V', 'Københavns Amt'),
(1466, 'København K', 'Københavns Amt'),
(1561, 'København V', 'Københavns Amt'),
(1576, 'København V', 'Københavns Amt'),
(1558, 'København V', 'Københavns Amt'),
(1557, 'København V', 'Københavns Amt'),
(1556, 'København V', 'Københavns Amt'),
(1555, 'København V', 'Københavns Amt'),
(1554, 'København V', 'Københavns Amt'),
(1553, 'København V', 'Københavns Amt'),
(1552, 'København V', 'Københavns Amt'),
(1550, 'København V', 'Københavns Amt'),
(1472, 'København K', 'Københavns Amt'),
(1564, 'København V', 'Københavns Amt'),
(1755, 'København V', 'Københavns Amt'),
(1737, 'København V', 'Københavns Amt'),
(1764, 'København V', 'Københavns Amt'),
(1763, 'København V', 'Københavns Amt'),
(1762, 'København V', 'Københavns Amt'),
(1761, 'København V', 'Københavns Amt'),
(1760, 'København V', 'Københavns Amt'),
(1759, 'København V', 'Københavns Amt'),
(1758, 'København V', 'Københavns Amt'),
(1766, 'København V', 'Københavns Amt'),
(1756, 'København V', 'Københavns Amt'),
(1770, 'København V', 'Københavns Amt'),
(1754, 'København V', 'Københavns Amt'),
(1753, 'København V', 'Københavns Amt'),
(1752, 'København V', 'Københavns Amt'),
(1751, 'København V', 'Københavns Amt'),
(1750, 'København V', 'Københavns Amt'),
(1749, 'København V', 'Københavns Amt'),
(1748, 'København V', 'Københavns Amt'),
(1739, 'København V', 'Københavns Amt'),
(1665, 'København V', 'Københavns Amt'),
(1757, 'København V', 'Københavns Amt'),
(2770, 'Kastrup', 'Københavns Amt'),
(2000, 'Frederiksberg', 'Københavns Amt'),
(2100, 'København Ø', 'Københavns Amt'),
(2200, 'København N', 'Københavns Amt'),
(2300, 'København S', 'Københavns Amt'),
(2400, 'København NV', 'Københavns Amt'),
(2450, 'København SV', 'Københavns Amt'),
(2500, 'Valby', 'Københavns Amt'),
(2610, 'Rødovre', 'Københavns Amt'),
(1765, 'København V', 'Københavns Amt'),
(2720, 'Vanløse', 'Københavns Amt'),
(1736, 'København V', 'Københavns Amt'),
(2860, 'Søborg', 'Københavns Amt'),
(2900, 'Hellerup', 'Københavns Amt'),
(1050, 'København K', 'Københavns Amt'),
(1777, 'København V', 'Københavns Amt'),
(1775, 'København V', 'Københavns Amt'),
(1774, 'København V', 'Københavns Amt'),
(1773, 'København V', 'Københavns Amt'),
(1772, 'København V', 'Københavns Amt'),
(1771, 'København V', 'Københavns Amt'),
(2700, 'Brønshøj', 'Københavns Amt'),
(1676, 'København V', 'Københavns Amt'),
(1738, 'København V', 'Københavns Amt'),
(1707, 'København V', 'Københavns Amt'),
(1706, 'København V', 'Københavns Amt'),
(1705, 'København V', 'Københavns Amt'),
(1704, 'København V', 'Københavns Amt'),
(1703, 'København V', 'Københavns Amt'),
(1702, 'København V', 'Københavns Amt'),
(1701, 'København V', 'Københavns Amt'),
(1709, 'København V', 'Københavns Amt'),
(1677, 'København V', 'Københavns Amt'),
(1710, 'København V', 'Københavns Amt'),
(1675, 'København V', 'Københavns Amt'),
(1674, 'København V', 'Københavns Amt'),
(1673, 'København V', 'Københavns Amt'),
(1672, 'København V', 'Københavns Amt'),
(1671, 'København V', 'Københavns Amt'),
(1670, 'København V', 'Københavns Amt'),
(1669, 'København V', 'Københavns Amt'),
(1668, 'København V', 'Københavns Amt'),
(1468, 'København K', 'Københavns Amt'),
(1700, 'København V', 'Københavns Amt'),
(1725, 'København V', 'Københavns Amt'),
(1735, 'København V', 'Københavns Amt'),
(1734, 'København V', 'Københavns Amt'),
(1733, 'København V', 'Københavns Amt'),
(1732, 'København V', 'Københavns Amt'),
(1731, 'København V', 'Københavns Amt'),
(1730, 'København V', 'Københavns Amt'),
(1729, 'København V', 'Københavns Amt'),
(1728, 'København V', 'Københavns Amt'),
(1708, 'København V', 'Københavns Amt'),
(1726, 'København V', 'Københavns Amt'),
(1666, 'København V', 'Københavns Amt'),
(1724, 'København V', 'Københavns Amt'),
(1723, 'København V', 'Københavns Amt'),
(1722, 'København V', 'Københavns Amt'),
(1721, 'København V', 'Københavns Amt'),
(1720, 'København V', 'Københavns Amt'),
(1719, 'København V', 'Københavns Amt'),
(1718, 'København V', 'Københavns Amt'),
(1717, 'København V', 'Københavns Amt'),
(1715, 'København V', 'Københavns Amt'),
(1727, 'København V', 'Københavns Amt'),
(1159, 'København K', 'Københavns Amt'),
(1257, 'København K', 'Københavns Amt'),
(1471, 'København K', 'Københavns Amt'),
(1171, 'København K', 'Københavns Amt'),
(1170, 'København K', 'Københavns Amt'),
(1169, 'København K', 'Københavns Amt'),
(1166, 'København K', 'Københavns Amt'),
(1165, 'København K', 'Københavns Amt'),
(1164, 'København K', 'Københavns Amt'),
(1430, 'København K', 'Københavns Amt'),
(1160, 'København K', 'Københavns Amt'),
(1175, 'København K', 'Københavns Amt'),
(1158, 'København K', 'Københavns Amt'),
(1157, 'København K', 'Københavns Amt'),
(1156, 'København K', 'Københavns Amt'),
(1154, 'København K', 'Københavns Amt'),
(1153, 'København K', 'Københavns Amt'),
(1152, 'København K', 'Københavns Amt'),
(1151, 'København K', 'Københavns Amt'),
(1150, 'København K', 'Københavns Amt'),
(1131, 'København K', 'Københavns Amt'),
(1161, 'København K', 'Københavns Amt'),
(1209, 'København K', 'Københavns Amt'),
(1256, 'København K', 'Københavns Amt'),
(1255, 'København K', 'Københavns Amt'),
(1254, 'København K', 'Københavns Amt'),
(1253, 'København K', 'Københavns Amt'),
(1251, 'København K', 'Københavns Amt'),
(1250, 'København K', 'Københavns Amt'),
(1220, 'København K', 'Københavns Amt'),
(1218, 'København K', 'Københavns Amt'),
(1173, 'København K', 'Københavns Amt'),
(1210, 'København K', 'Københavns Amt'),
(1128, 'København K', 'Københavns Amt'),
(1208, 'København K', 'Københavns Amt'),
(1207, 'København K', 'Københavns Amt'),
(1206, 'København K', 'Københavns Amt'),
(1205, 'København K', 'Københavns Amt'),
(1204, 'København K', 'Københavns Amt'),
(1203, 'København K', 'Københavns Amt'),
(1202, 'København K', 'Københavns Amt'),
(1201, 'København K', 'Københavns Amt'),
(1200, 'København K', 'Københavns Amt'),
(1211, 'København K', 'Københavns Amt'),
(1061, 'København K', 'Københavns Amt'),
(1071, 'København K', 'Københavns Amt'),
(1070, 'København K', 'Københavns Amt'),
(1069, 'København K', 'Københavns Amt'),
(1068, 'København K', 'Københavns Amt'),
(1067, 'København K', 'Københavns Amt'),
(1066, 'København K', 'Københavns Amt'),
(1065, 'København K', 'Københavns Amt'),
(1064, 'København K', 'Københavns Amt'),
(1130, 'København K', 'Københavns Amt'),
(1062, 'København K', 'Københavns Amt'),
(1100, 'København K', 'Københavns Amt'),
(1059, 'København K', 'Københavns Amt'),
(1058, 'København K', 'Københavns Amt'),
(1057, 'København K', 'Københavns Amt'),
(1056, 'København K', 'Københavns Amt'),
(1055, 'København K', 'Københavns Amt'),
(1054, 'København K', 'Københavns Amt'),
(1053, 'København K', 'Københavns Amt'),
(1052, 'København K', 'Københavns Amt'),
(1051, 'København K', 'Københavns Amt'),
(1063, 'København K', 'Københavns Amt'),
(1112, 'København K', 'Københavns Amt'),
(1174, 'København K', 'Københavns Amt'),
(1127, 'København K', 'Københavns Amt'),
(1124, 'København K', 'Københavns Amt'),
(1123, 'København K', 'Københavns Amt'),
(1119, 'København K', 'Københavns Amt'),
(1118, 'København K', 'Københavns Amt'),
(1117, 'København K', 'Københavns Amt'),
(1116, 'København K', 'Københavns Amt'),
(1115, 'København K', 'Københavns Amt'),
(1072, 'København K', 'Københavns Amt'),
(1113, 'København K', 'Københavns Amt'),
(1074, 'København K', 'Københavns Amt'),
(1111, 'København K', 'Københavns Amt'),
(1110, 'København K', 'Københavns Amt'),
(1107, 'København K', 'Københavns Amt'),
(1106, 'København K', 'Københavns Amt'),
(1104, 'København K', 'Københavns Amt'),
(1103, 'København K', 'Københavns Amt'),
(1102, 'København K', 'Københavns Amt'),
(1101, 'København K', 'Københavns Amt'),
(1129, 'København K', 'Københavns Amt'),
(1114, 'København K', 'Københavns Amt'),
(1365, 'København K', 'Københavns Amt'),
(1406, 'København K', 'Københavns Amt'),
(1403, 'København K', 'Københavns Amt'),
(1402, 'København K', 'Københavns Amt'),
(1401, 'København K', 'Københavns Amt'),
(1400, 'København K', 'Københavns Amt'),
(1370, 'København K', 'Københavns Amt'),
(1369, 'København K', 'Københavns Amt'),
(1368, 'København K', 'Københavns Amt'),
(1356, 'København K', 'Københavns Amt'),
(1366, 'København K', 'Københavns Amt'),
(1172, 'København K', 'Københavns Amt'),
(1364, 'København K', 'Københavns Amt'),
(1363, 'København K', 'Københavns Amt'),
(1362, 'København K', 'Københavns Amt'),
(1361, 'København K', 'Københavns Amt'),
(1360, 'København K', 'Københavns Amt'),
(1359, 'København K', 'Københavns Amt'),
(1358, 'København K', 'Københavns Amt'),
(1357, 'København K', 'Københavns Amt'),
(1367, 'København K', 'Københavns Amt'),
(1419, 'København K', 'Københavns Amt'),
(1429, 'København K', 'Københavns Amt'),
(1428, 'København K', 'Københavns Amt'),
(1427, 'København K', 'Københavns Amt'),
(1426, 'København K', 'Københavns Amt'),
(1425, 'København K', 'Københavns Amt'),
(1424, 'København K', 'Københavns Amt'),
(1423, 'København K', 'Københavns Amt'),
(1422, 'København K', 'Københavns Amt'),
(1259, 'København K', 'Københavns Amt'),
(1420, 'København K', 'Københavns Amt'),
(1408, 'København K', 'Københavns Amt'),
(1418, 'København K', 'Københavns Amt'),
(1417, 'København K', 'Københavns Amt'),
(1416, 'København K', 'Københavns Amt'),
(1415, 'København K', 'Københavns Amt'),
(1414, 'København K', 'Københavns Amt'),
(1413, 'København K', 'Københavns Amt'),
(1412, 'København K', 'Københavns Amt'),
(1411, 'København K', 'Københavns Amt'),
(1407, 'København K', 'Københavns Amt'),
(1421, 'København K', 'Københavns Amt'),
(1270, 'København K', 'Københavns Amt'),
(1311, 'København K', 'Københavns Amt'),
(1310, 'København K', 'Københavns Amt'),
(1309, 'København K', 'Københavns Amt'),
(1308, 'København K', 'Københavns Amt'),
(1307, 'København K', 'Københavns Amt'),
(1306, 'København K', 'Københavns Amt'),
(1304, 'København K', 'Københavns Amt'),
(1303, 'København K', 'Københavns Amt'),
(1302, 'København K', 'Københavns Amt'),
(1312, 'København K', 'Københavns Amt'),
(1271, 'København K', 'Københavns Amt'),
(1261, 'København K', 'Københavns Amt'),
(1268, 'København K', 'Københavns Amt'),
(1267, 'København K', 'Københavns Amt'),
(1266, 'København K', 'Københavns Amt'),
(1265, 'København K', 'Københavns Amt'),
(1264, 'København K', 'Københavns Amt'),
(1263, 'København K', 'Københavns Amt'),
(1355, 'København K', 'Københavns Amt'),
(1260, 'København K', 'Københavns Amt'),
(1410, 'København K', 'Københavns Amt'),
(1300, 'København K', 'Københavns Amt'),
(1350, 'København K', 'Københavns Amt'),
(1313, 'København K', 'Københavns Amt'),
(1354, 'København K', 'Københavns Amt'),
(1352, 'København K', 'Københavns Amt'),
(1329, 'København K', 'Københavns Amt'),
(1328, 'København K', 'Københavns Amt'),
(1327, 'København K', 'Københavns Amt'),
(1326, 'København K', 'Københavns Amt'),
(1325, 'København K', 'Københavns Amt'),
(1324, 'København K', 'Københavns Amt'),
(1323, 'København K', 'Københavns Amt'),
(1321, 'København K', 'Københavns Amt'),
(1320, 'København K', 'Københavns Amt'),
(1319, 'København K', 'Københavns Amt'),
(1318, 'København K', 'Københavns Amt'),
(1317, 'København K', 'Københavns Amt'),
(1316, 'København K', 'Københavns Amt'),
(1315, 'København K', 'Københavns Amt'),
(1353, 'København K', 'Københavns Amt'),
(1322, 'København K', 'Københavns Amt'),
(1314, 'København K', 'Københavns Amt'),
(1928, 'Frederiksberg C', 'Københavns Amt'),
(1921, 'Frederiksberg C', 'Københavns Amt'),
(1922, 'Frederiksberg C', 'Københavns Amt'),
(1923, 'Frederiksberg C', 'Københavns Amt'),
(1924, 'Frederiksberg C', 'Københavns Amt'),
(1925, 'Frederiksberg C', 'Københavns Amt'),
(1906, 'Frederiksberg C', 'Københavns Amt'),
(1927, 'Frederiksberg C', 'Københavns Amt'),
(1913, 'Frederiksberg C', 'Københavns Amt'),
(1950, 'Frederiksberg C', 'Københavns Amt'),
(1951, 'Frederiksberg C', 'Københavns Amt'),
(1926, 'Frederiksberg C', 'Københavns Amt'),
(1920, 'Frederiksberg C', 'Københavns Amt'),
(1917, 'Frederiksberg C', 'Københavns Amt'),
(1916, 'Frederiksberg C', 'Københavns Amt'),
(1914, 'Frederiksberg C', 'Københavns Amt'),
(1912, 'Frederiksberg C', 'Københavns Amt'),
(1911, 'Frederiksberg C', 'Københavns Amt'),
(1952, 'Frederiksberg C', 'Københavns Amt'),
(1908, 'Frederiksberg C', 'Københavns Amt'),
(1964, 'Frederiksberg C', 'Københavns Amt'),
(1910, 'Frederiksberg C', 'Københavns Amt'),
(1909, 'Frederiksberg C', 'Københavns Amt'),
(1915, 'Frederiksberg C', 'Københavns Amt'),
(1965, 'Frederiksberg C', 'Københavns Amt'),
(1828, 'Frederiksberg C', 'Københavns Amt'),
(1905, 'Frederiksberg C', 'Københavns Amt'),
(2720, 'Vanløse', 'Københavns Amt'),
(2200, 'København N', 'Københavns Amt'),
(1974, 'Frederiksberg C', 'Københavns Amt'),
(1973, 'Frederiksberg C', 'Københavns Amt'),
(1972, 'Frederiksberg C', 'Københavns Amt'),
(1971, 'Frederiksberg C', 'Københavns Amt'),
(1970, 'Frederiksberg C', 'Københavns Amt'),
(1962, 'Frederiksberg C', 'Københavns Amt'),
(1966, 'Frederiksberg C', 'Københavns Amt'),
(1953, 'Frederiksberg C', 'Københavns Amt'),
(1963, 'Frederiksberg C', 'Københavns Amt'),
(2000, 'Frederiksberg', 'Københavns Amt'),
(1961, 'Frederiksberg C', 'Københavns Amt'),
(1960, 'Frederiksberg C', 'Københavns Amt'),
(1959, 'Frederiksberg C', 'Københavns Amt'),
(1958, 'Frederiksberg C', 'Københavns Amt'),
(1957, 'Frederiksberg C', 'Københavns Amt'),
(1956, 'Frederiksberg C', 'Københavns Amt'),
(1955, 'Frederiksberg C', 'Københavns Amt'),
(1954, 'Frederiksberg C', 'Københavns Amt'),
(1967, 'Frederiksberg C', 'Københavns Amt'),
(1814, 'Frederiksberg C', 'Københavns Amt'),
(1829, 'Frederiksberg C', 'Københavns Amt'),
(1806, 'Frederiksberg C', 'Københavns Amt'),
(1827, 'Frederiksberg C', 'Københavns Amt'),
(1826, 'Frederiksberg C', 'Københavns Amt'),
(1825, 'Frederiksberg C', 'Københavns Amt'),
(1824, 'Frederiksberg C', 'Københavns Amt'),
(1823, 'Frederiksberg C', 'Københavns Amt'),
(1822, 'Frederiksberg C', 'Københavns Amt'),
(1820, 'Frederiksberg C', 'Københavns Amt'),
(1819, 'Frederiksberg C', 'Københavns Amt'),
(1818, 'Frederiksberg C', 'Københavns Amt'),
(1817, 'Frederiksberg C', 'Københavns Amt'),
(1803, 'Frederiksberg C', 'Københavns Amt'),
(1815, 'Frederiksberg C', 'Københavns Amt'),
(1800, 'Frederiksberg C', 'Københavns Amt'),
(1813, 'Frederiksberg C', 'Københavns Amt'),
(1812, 'Frederiksberg C', 'Københavns Amt'),
(1811, 'Frederiksberg C', 'Københavns Amt'),
(1850, 'Frederiksberg C', 'Københavns Amt'),
(1810, 'Frederiksberg C', 'Københavns Amt'),
(1809, 'Frederiksberg C', 'Københavns Amt'),
(1808, 'Frederiksberg C', 'Københavns Amt'),
(1904, 'Frederiksberg C', 'Københavns Amt'),
(1801, 'Frederiksberg C', 'Københavns Amt'),
(1802, 'Frederiksberg C', 'Københavns Amt'),
(1807, 'Frederiksberg C', 'Københavns Amt'),
(1804, 'Frederiksberg C', 'Københavns Amt'),
(1805, 'Frederiksberg C', 'Københavns Amt'),
(1816, 'Frederiksberg C', 'Københavns Amt'),
(1870, 'Frederiksberg C', 'Københavns Amt'),
(1903, 'Frederiksberg C', 'Københavns Amt'),
(1902, 'Frederiksberg C', 'Københavns Amt'),
(1901, 'Frederiksberg C', 'Københavns Amt'),
(1900, 'Frederiksberg C', 'Københavns Amt'),
(1879, 'Frederiksberg C', 'Københavns Amt'),
(1878, 'Frederiksberg C', 'Københavns Amt'),
(1877, 'Frederiksberg C', 'Københavns Amt'),
(1876, 'Frederiksberg C', 'Københavns Amt'),
(1875, 'Frederiksberg C', 'Københavns Amt'),
(1874, 'Frederiksberg C', 'Københavns Amt'),
(1873, 'Frederiksberg C', 'Københavns Amt'),
(1871, 'Frederiksberg C', 'Københavns Amt'),
(1851, 'Frederiksberg C', 'Københavns Amt'),
(1868, 'Frederiksberg C', 'Københavns Amt'),
(1857, 'Frederiksberg C', 'Københavns Amt'),
(1852, 'Frederiksberg C', 'Københavns Amt'),
(1853, 'Frederiksberg C', 'Københavns Amt'),
(1854, 'Frederiksberg C', 'Københavns Amt'),
(1872, 'Frederiksberg C', 'Københavns Amt'),
(1856, 'Frederiksberg C', 'Københavns Amt'),
(1867, 'Frederiksberg C', 'Københavns Amt'),
(1860, 'Frederiksberg C', 'Københavns Amt'),
(1861, 'Frederiksberg C', 'Københavns Amt'),
(1862, 'Frederiksberg C', 'Københavns Amt'),
(1863, 'Frederiksberg C', 'Københavns Amt'),
(1864, 'Frederiksberg C', 'Københavns Amt'),
(1865, 'Frederiksberg C', 'Københavns Amt'),
(1866, 'Frederiksberg C', 'Københavns Amt'),
(1855, 'Frederiksberg C', 'Københavns Amt'),
(2840, 'Holte', 'Københavns Amt'),
(2830, 'Virum', 'Københavns Amt'),
(3500, 'Værløse', 'Københavns Amt'),
(2800, 'Kgs.Lyngby', 'Københavns Amt'),
(2930, 'Klampenborg', 'Københavns Amt'),
(3520, 'Farum', 'Københavns Amt'),
(3500, 'Værløse', 'Københavns Amt'),
(2880, 'Bagsværd', 'Københavns Amt'),
(2665, 'Vallensbæk Strand', 'Københavns Amt'),
(2625, 'Vallensbæk', 'Københavns Amt'),
(2791, 'Dragør', 'Københavns Amt'),
(2770, 'Kastrup', 'Københavns Amt'),
(2300, 'København S', 'Københavns Amt'),
(2635, 'Ishøj', 'Københavns Amt'),
(2640, 'Hedehusene', 'Københavns Amt'),
(2610, 'Rødovre', 'Københavns Amt'),
(2750, 'Ballerup', 'Københavns Amt'),
(2765, 'Smørum', 'Københavns Amt'),
(2640, 'Hedehusene', 'Københavns Amt'),
(4000, 'Roskilde', 'Københavns Amt'),
(2630, 'Taastrup', 'Københavns Amt'),
(2635, 'Ishøj', 'Københavns Amt'),
(2791, 'Dragør', 'Københavns Amt'),
(2850, 'Nærum', 'Københavns Amt'),
(2942, 'Skodsborg', 'Københavns Amt'),
(2950, 'Vedbæk', 'Københavns Amt'),
(2840, 'Holte', 'Københavns Amt'),
(2830, 'Virum', 'Københavns Amt'),
(2800, 'Kgs.Lyngby', 'Københavns Amt'),
(2605, 'Brøndby', 'Københavns Amt'),
(2650, 'Hvidovre', 'Københavns Amt'),
(2660, 'Brøndby Strand', 'Københavns Amt'),
(2610, 'Rødovre', 'Københavns Amt'),
(2650, 'Hvidovre', 'Københavns Amt'),
(2660, 'Brøndby Strand', 'Københavns Amt'),
(2800, 'Kgs.Lyngby', 'Københavns Amt'),
(2900, 'Hellerup', 'Københavns Amt'),
(2860, 'Søborg', 'Københavns Amt'),
(2920, 'Charlottenlund', 'Københavns Amt'),
(2820, 'Gentofte', 'Københavns Amt'),
(2930, 'Klampenborg', 'Københavns Amt'),
(2730, 'Herlev', 'Københavns Amt'),
(2800, 'Kgs.Lyngby', 'Københavns Amt'),
(2860, 'Søborg', 'Københavns Amt'),
(2820, 'Gentofte', 'Københavns Amt'),
(3500, 'Værløse', 'Københavns Amt'),
(2880, 'Bagsværd', 'Københavns Amt'),
(2600, 'Glostrup', 'Københavns Amt'),
(2740, 'Skovlunde', 'Københavns Amt'),
(2880, 'Bagsværd', 'Københavns Amt'),
(2730, 'Herlev', 'Københavns Amt'),
(2750, 'Ballerup', 'Københavns Amt'),
(2600, 'Glostrup', 'Københavns Amt'),
(2620, 'Albertslund', 'Københavns Amt'),
(3500, 'Værløse', 'Københavns Amt'),
(2760, 'Måløv', 'Københavns Amt'),
(2750, 'Ballerup', 'Københavns Amt'),
(2740, 'Skovlunde', 'Københavns Amt'),
(2730, 'Herlev', 'Københavns Amt'),
(3390, 'Hundested', 'Frederiksborg Amt'),
(3230, 'Græsted', 'Frederiksborg Amt'),
(3330, 'Gørløse', 'Frederiksborg Amt'),
(3200, 'Helsinge', 'Frederiksborg Amt'),
(3320, 'Skævinge', 'Frederiksborg Amt'),
(3480, 'Fredensborg', 'Frederiksborg Amt'),
(3450, 'Allerød', 'Frederiksborg Amt'),
(3400, 'Hillerød', 'Frederiksborg Amt'),
(3650, 'Ølstykke', 'Frederiksborg Amt'),
(3670, 'Veksø Sj', 'Frederiksborg Amt'),
(3550, 'Slangerup', 'Frederiksborg Amt'),
(3500, 'Værløse', 'Frederiksborg Amt'),
(3540, 'Lynge', 'Frederiksborg Amt'),
(3520, 'Farum', 'Frederiksborg Amt'),
(3660, 'Stenløse', 'Frederiksborg Amt'),
(3600, 'Frederikssund', 'Frederiksborg Amt'),
(3540, 'Lynge', 'Frederiksborg Amt'),
(3550, 'Slangerup', 'Frederiksborg Amt'),
(3600, 'Frederikssund', 'Frederiksborg Amt'),
(3330, 'Gørløse', 'Frederiksborg Amt'),
(3320, 'Skævinge', 'Frederiksborg Amt'),
(3310, 'Ølsted', 'Frederiksborg Amt'),
(3400, 'Hillerød', 'Frederiksborg Amt'),
(3550, 'Slangerup', 'Frederiksborg Amt'),
(4050, 'Skibby', 'Frederiksborg Amt'),
(3630, 'Jægerspris', 'Frederiksborg Amt'),
(3400, 'Hillerød', 'Frederiksborg Amt'),
(2990, 'Nivå', 'Frederiksborg Amt'),
(2980, 'Kokkedal', 'Frederiksborg Amt'),
(2970, 'Hørsholm', 'Frederiksborg Amt'),
(3450, 'Allerød', 'Frederiksborg Amt'),
(4050, 'Skibby', 'Frederiksborg Amt'),
(3630, 'Jægerspris', 'Frederiksborg Amt'),
(3070, 'Snekkersten', 'Frederiksborg Amt'),
(3490, 'Kvistgård', 'Frederiksborg Amt'),
(3480, 'Fredensborg', 'Frederiksborg Amt'),
(3000, 'Helsingør', 'Frederiksborg Amt'),
(3050, 'Humlebæk', 'Frederiksborg Amt'),
(3150, 'Hellebæk', 'Frederiksborg Amt'),
(3060, 'Espergærde', 'Frederiksborg Amt'),
(3080, 'Tikøb', 'Frederiksborg Amt'),
(3100, 'Hornbæk', 'Frederiksborg Amt'),
(3140, 'Ålsgårde', 'Frederiksborg Amt'),
(3230, 'Græsted', 'Frederiksborg Amt'),
(3540, 'Lynge', 'Frederiksborg Amt'),
(3400, 'Hillerød', 'Frederiksborg Amt'),
(3520, 'Farum', 'Frederiksborg Amt'),
(3450, 'Allerød', 'Frederiksborg Amt'),
(3460, 'Birkerød', 'Frederiksborg Amt'),
(3550, 'Slangerup', 'Frederiksborg Amt'),
(3220, 'Tisvildeleje', 'Frederiksborg Amt'),
(3210, 'Vejby', 'Frederiksborg Amt'),
(3230, 'Græsted', 'Frederiksborg Amt'),
(3300, 'Frederiksværk', 'Frederiksborg Amt'),
(3200, 'Helsinge', 'Frederiksborg Amt'),
(3250, 'Gilleleje', 'Frederiksborg Amt'),
(3230, 'Græsted', 'Frederiksborg Amt'),
(3210, 'Vejby', 'Frederiksborg Amt'),
(3200, 'Helsinge', 'Frederiksborg Amt'),
(3120, 'Dronningmølle', 'Frederiksborg Amt'),
(3100, 'Hornbæk', 'Frederiksborg Amt'),
(3600, 'Frederikssund', 'Frederiksborg Amt'),
(3310, 'Ølsted', 'Frederiksborg Amt'),
(3370, 'Melby', 'Frederiksborg Amt'),
(3300, 'Frederiksværk', 'Frederiksborg Amt'),
(3360, 'Liseleje', 'Frederiksborg Amt'),
(3320, 'Skævinge', 'Frederiksborg Amt'),
(3600, 'Frederikssund', 'Frederiksborg Amt'),
(3650, 'Ølstykke', 'Frederiksborg Amt'),
(3400, 'Hillerød', 'Frederiksborg Amt'),
(3050, 'Humlebæk', 'Frederiksborg Amt'),
(3480, 'Fredensborg', 'Frederiksborg Amt'),
(3490, 'Kvistgård', 'Frederiksborg Amt'),
(3060, 'Espergærde', 'Frederiksborg Amt'),
(3520, 'Farum', 'Frederiksborg Amt'),
(3460, 'Birkerød', 'Frederiksborg Amt'),
(2840, 'Holte', 'Frederiksborg Amt'),
(2950, 'Vedbæk', 'Frederiksborg Amt'),
(2970, 'Hørsholm', 'Frederiksborg Amt'),
(3460, 'Birkerød', 'Frederiksborg Amt'),
(2980, 'Kokkedal', 'Frederiksborg Amt'),
(2970, 'Hørsholm', 'Frederiksborg Amt'),
(2950, 'Vedbæk', 'Frederiksborg Amt'),
(2960, 'Rungsted Kyst', 'Frederiksborg Amt'),
(4000, 'Roskilde', 'Roskilde Amt'),
(4140, 'Borup', 'Roskilde Amt'),
(4330, 'Hvalsø', 'Roskilde Amt'),
(4060, 'Kirke Såby', 'Roskilde Amt'),
(4320, 'Lejre', 'Roskilde Amt'),
(4652, 'Hårlev', 'Roskilde Amt'),
(4671, 'Strøby', 'Roskilde Amt'),
(4600, 'Køge', 'Roskilde Amt'),
(4682, 'Tureby', 'Roskilde Amt'),
(4622, 'Havdrup', 'Roskilde Amt'),
(4623, 'Lille Skensved', 'Roskilde Amt'),
(2680, 'Solrød Strand', 'Roskilde Amt'),
(2690, 'Karlslunde', 'Roskilde Amt'),
(4681, 'Herfølge', 'Roskilde Amt'),
(4623, 'Lille Skensved', 'Roskilde Amt'),
(4632, 'Bjæverskov', 'Roskilde Amt'),
(4600, 'Køge', 'Roskilde Amt'),
(4100, 'Ringsted', 'Roskilde Amt'),
(4174, 'Jystrup M.Sj.', 'Roskilde Amt'),
(4140, 'Borup', 'Roskilde Amt'),
(4130, 'Viby Sj.', 'Roskilde Amt'),
(4682, 'Tureby', 'Roskilde Amt'),
(4000, 'Roskilde', 'Roskilde Amt'),
(4130, 'Viby Sj.', 'Roskilde Amt'),
(4000, 'Roskilde', 'Roskilde Amt'),
(4140, 'Borup', 'Roskilde Amt'),
(4623, 'Lille Skensved', 'Roskilde Amt'),
(4621, 'Gadstrup', 'Roskilde Amt'),
(4622, 'Havdrup', 'Roskilde Amt'),
(4682, 'Tureby', 'Roskilde Amt'),
(4681, 'Herfølge', 'Roskilde Amt'),
(4623, 'Lille Skensved', 'Roskilde Amt'),
(4600, 'Køge', 'Roskilde Amt'),
(4320, 'Lejre', 'Roskilde Amt'),
(4330, 'Hvalsø', 'Roskilde Amt'),
(4340, 'Tølløse', 'Roskilde Amt'),
(4060, 'Kirke Såby', 'Roskilde Amt'),
(4000, 'Roskilde', 'Roskilde Amt'),
(2640, 'Hedehusene', 'Roskilde Amt'),
(4040, 'Jyllinge', 'Roskilde Amt'),
(4000, 'Roskilde', 'Roskilde Amt'),
(3670, 'Veksø Sj', 'Roskilde Amt'),
(4000, 'Roskilde', 'Roskilde Amt'),
(2670, 'Greve', 'Roskilde Amt'),
(2640, 'Hedehusene', 'Roskilde Amt'),
(2690, 'Karlslunde', 'Roskilde Amt'),
(4060, 'Kirke Såby', 'Roskilde Amt'),
(4050, 'Skibby', 'Roskilde Amt'),
(4070, 'Kirke Hyllinge', 'Roskilde Amt'),
(4340, 'Tølløse', 'Roskilde Amt'),
(4000, 'Roskilde', 'Roskilde Amt'),
(4500, 'Nykøbing Sj.', 'Vestsjællands Amt'),
(4573, 'Højby', 'Vestsjællands Amt'),
(4560, 'Vig', 'Vestsjællands Amt'),
(4583, 'Sjællands Odde', 'Vestsjællands Amt'),
(4572, 'Nr. Asmindrup', 'Vestsjællands Amt'),
(4550, 'Asnæs', 'Vestsjællands Amt'),
(4200, 'Slagelse', 'Vestsjællands Amt'),
(4220, 'Korsør', 'Vestsjællands Amt'),
(4241, 'Vemmelev', 'Vestsjællands Amt'),
(4242, 'Boeslunde', 'Vestsjællands Amt'),
(4500, 'Nykøbing Sj.', 'Vestsjællands Amt'),
(4581, 'Rørvig', 'Vestsjællands Amt'),
(4330, 'Hvalsø', 'Vestsjællands Amt'),
(4360, 'K. Eskilstrup', 'Vestsjællands Amt'),
(4370, 'St. Merløse', 'Vestsjællands Amt'),
(4180, 'Sorø', 'Vestsjællands Amt'),
(4174, 'Jystrup M.Sj.', 'Vestsjællands Amt'),
(4173, 'Fjenneslev', 'Vestsjællands Amt'),
(4140, 'Borup', 'Vestsjællands Amt'),
(4100, 'Ringsted', 'Vestsjællands Amt'),
(4690, 'Haslev', 'Vestsjællands Amt'),
(4200, 'Slagelse', 'Vestsjællands Amt'),
(4241, 'Vemmelev', 'Vestsjællands Amt'),
(4243, 'Rude', 'Vestsjællands Amt'),
(4230, 'Skælskør', 'Vestsjællands Amt'),
(4220, 'Korsør', 'Vestsjællands Amt'),
(4261, 'Dalmose', 'Vestsjællands Amt'),
(4242, 'Boeslunde', 'Vestsjællands Amt'),
(4200, 'Slagelse', 'Vestsjællands Amt'),
(4190, 'Munke Bjergby', 'Vestsjællands Amt'),
(4180, 'Sorø', 'Vestsjællands Amt'),
(4270, 'Høng', 'Vestsjællands Amt'),
(4180, 'Sorø', 'Vestsjællands Amt'),
(4100, 'Ringsted', 'Vestsjællands Amt'),
(4190, 'Munke Bjergby', 'Vestsjællands Amt'),
(4296, 'Nyrup', 'Vestsjællands Amt'),
(4293, 'Dianalund', 'Vestsjællands Amt'),
(4295, 'Stenlille', 'Vestsjællands Amt'),
(4370, 'St. Merløse', 'Vestsjællands Amt'),
(4440, 'Mørkøv', 'Vestsjællands Amt'),
(4470, 'Svebølle', 'Vestsjællands Amt'),
(4450, 'Jyderup', 'Vestsjællands Amt'),
(4520, 'Svinninge', 'Vestsjællands Amt'),
(4190, 'Munke Bjergby', 'Vestsjællands Amt'),
(4200, 'Slagelse', 'Vestsjællands Amt'),
(4180, 'Sorø', 'Vestsjællands Amt'),
(4173, 'Fjenneslev', 'Vestsjællands Amt'),
(4100, 'Ringsted', 'Vestsjællands Amt'),
(4330, 'Hvalsø', 'Vestsjællands Amt'),
(4340, 'Tølløse', 'Vestsjællands Amt'),
(4350, 'Ugerløse', 'Vestsjællands Amt'),
(4360, 'K. Eskilstrup', 'Vestsjællands Amt'),
(4370, 'St. Merløse', 'Vestsjællands Amt'),
(4390, 'Vipperød', 'Vestsjællands Amt'),
(4296, 'Nyrup', 'Vestsjællands Amt'),
(4400, 'Kalundborg', 'Vestsjællands Amt'),
(4480, 'Store Fuglede', 'Vestsjællands Amt'),
(4400, 'Kalundborg', 'Vestsjællands Amt'),
(4281, 'Gørlev', 'Vestsjællands Amt'),
(4200, 'Slagelse', 'Vestsjællands Amt'),
(4270, 'Høng', 'Vestsjællands Amt'),
(4420, 'Regstrup', 'Vestsjællands Amt'),
(4350, 'Ugerløse', 'Vestsjællands Amt'),
(4340, 'Tølløse', 'Vestsjællands Amt'),
(4300, 'Holbæk', 'Vestsjællands Amt'),
(4440, 'Mørkøv', 'Vestsjællands Amt'),
(4295, 'Stenlille', 'Vestsjællands Amt'),
(4295, 'Stenlille', 'Vestsjællands Amt'),
(4291, 'Ruds Vedby', 'Vestsjællands Amt'),
(4190, 'Munke Bjergby', 'Vestsjællands Amt'),
(4293, 'Dianalund', 'Vestsjællands Amt'),
(4700, 'Næstved', 'Vestsjællands Amt'),
(4262, 'Sandved', 'Vestsjællands Amt'),
(4200, 'Slagelse', 'Vestsjællands Amt'),
(4250, 'Fuglebjerg', 'Vestsjællands Amt'),
(4243, 'Rude', 'Vestsjællands Amt'),
(4160, 'Herlufmagle', 'Vestsjællands Amt'),
(4261, 'Dalmose', 'Vestsjællands Amt'),
(4450, 'Jyderup', 'Vestsjællands Amt'),
(4592, 'Sejerø', 'Vestsjællands Amt'),
(4470, 'Svebølle', 'Vestsjællands Amt'),
(4591, 'Føllenslev', 'Vestsjællands Amt'),
(4400, 'Kalundborg', 'Vestsjællands Amt'),
(4593, 'Eskebjerg', 'Vestsjællands Amt'),
(4534, 'Hørve', 'Vestsjællands Amt'),
(4460, 'Snertinge', 'Vestsjællands Amt'),
(4460, 'Snertinge', 'Vestsjællands Amt'),
(4450, 'Jyderup', 'Vestsjællands Amt'),
(4440, 'Mørkøv', 'Vestsjællands Amt'),
(4420, 'Regstrup', 'Vestsjællands Amt'),
(4520, 'Svinninge', 'Vestsjællands Amt'),
(4532, 'Gislinge', 'Vestsjællands Amt'),
(4200, 'Slagelse', 'Vestsjællands Amt'),
(4180, 'Sorø', 'Vestsjællands Amt'),
(4250, 'Fuglebjerg', 'Vestsjællands Amt'),
(4261, 'Dalmose', 'Vestsjællands Amt'),
(4262, 'Sandved', 'Vestsjællands Amt'),
(4682, 'Tureby', 'Vestsjællands Amt'),
(4690, 'Haslev', 'Vestsjællands Amt'),
(4100, 'Ringsted', 'Vestsjællands Amt'),
(4684, 'Holme-Olstrup', 'Vestsjællands Amt'),
(4160, 'Herlufmagle', 'Vestsjællands Amt'),
(4340, 'Tølløse', 'Vestsjællands Amt'),
(4520, 'Svinninge', 'Vestsjællands Amt'),
(4532, 'Gislinge', 'Vestsjællands Amt'),
(4390, 'Vipperød', 'Vestsjællands Amt'),
(4420, 'Regstrup', 'Vestsjællands Amt'),
(4300, 'Holbæk', 'Vestsjællands Amt'),
(4480, 'Store Fuglede', 'Vestsjællands Amt'),
(4400, 'Kalundborg', 'Vestsjællands Amt'),
(4470, 'Svebølle', 'Vestsjællands Amt'),
(4490, 'Jerslev Sj.', 'Vestsjællands Amt'),
(4293, 'Dianalund', 'Vestsjællands Amt'),
(4200, 'Slagelse', 'Vestsjællands Amt'),
(4270, 'Høng', 'Vestsjællands Amt'),
(4281, 'Gørlev', 'Vestsjællands Amt'),
(4291, 'Ruds Vedby', 'Vestsjællands Amt'),
(4470, 'Svebølle', 'Vestsjællands Amt'),
(4490, 'Jerslev Sj.', 'Vestsjællands Amt'),
(4450, 'Jyderup', 'Vestsjællands Amt'),
(4591, 'Føllenslev', 'Vestsjællands Amt'),
(4550, 'Asnæs', 'Vestsjællands Amt'),
(4540, 'Fårevejle', 'Vestsjællands Amt'),
(4534, 'Hørve', 'Vestsjællands Amt'),
(4571, 'Grevinge', 'Vestsjællands Amt'),
(4560, 'Vig', 'Vestsjællands Amt'),
(4930, 'Maribo', 'Storstrøms Amt'),
(4862, 'Guldborg', 'Storstrøms Amt'),
(4990, 'Sakskøbing', 'Storstrøms Amt'),
(4944, 'Fejø', 'Storstrøms Amt'),
(4900, 'Nakskov', 'Storstrøms Amt'),
(4912, 'Harpelunde', 'Storstrøms Amt'),
(4943, 'Torrig L', 'Storstrøms Amt'),
(4953, 'Vesterborg', 'Storstrøms Amt'),
(4913, 'Horslunde', 'Storstrøms Amt'),
(4930, 'Maribo', 'Storstrøms Amt'),
(4900, 'Nakskov', 'Storstrøms Amt'),
(4983, 'Dannemare', 'Storstrøms Amt'),
(4970, 'Rødby', 'Storstrøms Amt'),
(4920, 'Søllested', 'Storstrøms Amt'),
(4920, 'Søllested', 'Storstrøms Amt'),
(4970, 'Rødby', 'Storstrøms Amt'),
(4930, 'Maribo', 'Storstrøms Amt'),
(4653, 'Karise', 'Storstrøms Amt'),
(4683, 'Rønnede', 'Storstrøms Amt'),
(4690, 'Haslev', 'Storstrøms Amt'),
(4640, 'Fakse', 'Storstrøms Amt'),
(4682, 'Tureby', 'Storstrøms Amt'),
(4733, 'Tappernøje', 'Storstrøms Amt'),
(4673, 'Rødvig Stevns', 'Storstrøms Amt'),
(4672, 'Klippinge', 'Storstrøms Amt'),
(4660, 'St. Heddinge', 'Storstrøms Amt'),
(4652, 'Hårlev', 'Storstrøms Amt'),
(4653, 'Karise', 'Storstrøms Amt'),
(4800, 'Nykøbing F.', 'Storstrøms Amt'),
(4850, 'Stubbekøbing', 'Storstrøms Amt'),
(4871, 'Horbelev', 'Storstrøms Amt'),
(4863, 'Eskilstrup', 'Storstrøms Amt'),
(4160, 'Herlufmagle', 'Storstrøms Amt'),
(4100, 'Ringsted', 'Storstrøms Amt'),
(4171, 'Glumsø', 'Storstrøms Amt'),
(4690, 'Haslev', 'Storstrøms Amt'),
(4733, 'Tappernøje', 'Storstrøms Amt'),
(4735, 'Mern', 'Storstrøms Amt'),
(4750, 'Lundby', 'Storstrøms Amt'),
(4720, 'Præstø', 'Storstrøms Amt'),
(4750, 'Lundby', 'Storstrøms Amt'),
(4760, 'Vordingborg', 'Storstrøms Amt'),
(4773, 'Stensved', 'Storstrøms Amt'),
(4735, 'Mern', 'Storstrøms Amt'),
(4951, 'Nørreballe', 'Storstrøms Amt'),
(4930, 'Maribo', 'Storstrøms Amt'),
(4952, 'Stokkemarke', 'Storstrøms Amt'),
(4920, 'Søllested', 'Storstrøms Amt'),
(4953, 'Vesterborg', 'Storstrøms Amt'),
(4941, 'Bandholm', 'Storstrøms Amt'),
(4872, 'Idestrup', 'Storstrøms Amt'),
(4800, 'Nykøbing F.', 'Storstrøms Amt'),
(4873, 'Væggerløse', 'Storstrøms Amt'),
(4874, 'Gedser', 'Storstrøms Amt'),
(4850, 'Stubbekøbing', 'Storstrøms Amt'),
(4840, 'Nørre Alslev', 'Storstrøms Amt'),
(4863, 'Eskilstrup', 'Storstrøms Amt'),
(4862, 'Guldborg', 'Storstrøms Amt'),
(4800, 'Nykøbing F.', 'Storstrøms Amt'),
(4700, 'Næstved', 'Storstrøms Amt'),
(4160, 'Herlufmagle', 'Storstrøms Amt'),
(4736, 'Karrebæksminde', 'Storstrøms Amt'),
(4880, 'Nysted', 'Storstrøms Amt'),
(4892, 'Kettinge', 'Storstrøms Amt'),
(4894, 'Øster Ulslev', 'Storstrøms Amt'),
(4990, 'Sakskøbing', 'Storstrøms Amt'),
(4990, 'Sakskøbing', 'Storstrøms Amt'),
(4891, 'Toreby L.', 'Storstrøms Amt'),
(4873, 'Væggerløse', 'Storstrøms Amt'),
(4863, 'Eskilstrup', 'Storstrøms Amt'),
(4800, 'Nykøbing F.', 'Storstrøms Amt'),
(4892, 'Kettinge', 'Storstrøms Amt'),
(4793, 'Bogø By', 'Storstrøms Amt'),
(4792, 'Askeby', 'Storstrøms Amt'),
(4791, 'Borre', 'Storstrøms Amt'),
(4771, 'Kalvehave', 'Storstrøms Amt'),
(4780, 'Stege', 'Storstrøms Amt'),
(4772, 'Langebæk', 'Storstrøms Amt'),
(4773, 'Stensved', 'Storstrøms Amt'),
(4771, 'Kalvehave', 'Storstrøms Amt'),
(4720, 'Præstø', 'Storstrøms Amt'),
(4735, 'Mern', 'Storstrøms Amt'),
(4930, 'Maribo', 'Storstrøms Amt'),
(4920, 'Søllested', 'Storstrøms Amt'),
(4943, 'Torrig L', 'Storstrøms Amt'),
(4913, 'Horslunde', 'Storstrøms Amt'),
(4900, 'Nakskov', 'Storstrøms Amt'),
(4953, 'Vesterborg', 'Storstrøms Amt'),
(4684, 'Holme-Olstrup', 'Storstrøms Amt'),
(4690, 'Haslev', 'Storstrøms Amt'),
(4683, 'Rønnede', 'Storstrøms Amt'),
(4700, 'Næstved', 'Storstrøms Amt'),
(4160, 'Herlufmagle', 'Storstrøms Amt'),
(4895, 'Errindlev', 'Storstrøms Amt'),
(4930, 'Maribo', 'Storstrøms Amt'),
(4970, 'Rødby', 'Storstrøms Amt'),
(4894, 'Øster Ulslev', 'Storstrøms Amt'),
(4960, 'Holeby', 'Storstrøms Amt'),
(4640, 'Fakse', 'Storstrøms Amt'),
(4750, 'Lundby', 'Storstrøms Amt'),
(4683, 'Rønnede', 'Storstrøms Amt'),
(4700, 'Næstved', 'Storstrøms Amt'),
(4733, 'Tappernøje', 'Storstrøms Amt'),
(4640, 'Fakse', 'Storstrøms Amt'),
(4652, 'Hårlev', 'Storstrøms Amt'),
(4653, 'Karise', 'Storstrøms Amt'),
(4654, 'Fakse Ladeplads', 'Storstrøms Amt'),
(4682, 'Tureby', 'Storstrøms Amt'),
(4683, 'Rønnede', 'Storstrøms Amt'),
(4912, 'Harpelunde', 'Storstrøms Amt'),
(4900, 'Nakskov', 'Storstrøms Amt'),
(3700, 'Rønne', 'Bornholms Amt'),
(3760, 'Gudhjem', 'Bornholms Amt'),
(3770, 'Allinge', 'Bornholms Amt'),
(3782, 'Klemensker', 'Bornholms Amt'),
(3790, 'Hasle', 'Bornholms Amt'),
(3760, 'Gudhjem', 'Bornholms Amt'),
(3751, 'Østermarie', 'Bornholms Amt'),
(3720, 'Aakirkeby', 'Bornholms Amt'),
(3700, 'Rønne', 'Bornholms Amt'),
(3720, 'Aakirkeby', 'Bornholms Amt'),
(3700, 'Rønne', 'Bornholms Amt'),
(3740, 'Svaneke', 'Bornholms Amt'),
(3751, 'Østermarie', 'Bornholms Amt'),
(3770, 'Allinge', 'Bornholms Amt'),
(3760, 'Gudhjem', 'Bornholms Amt'),
(3782, 'Klemensker', 'Bornholms Amt'),
(3790, 'Hasle', 'Bornholms Amt'),
(3700, 'Rønne', 'Bornholms Amt'),
(3730, 'Nexø', 'Bornholms Amt'),
(3751, 'Østermarie', 'Bornholms Amt'),
(3740, 'Svaneke', 'Bornholms Amt'),
(5900, 'Rudkøbing', 'Fyns Amt'),
(5953, 'Tranekær', 'Fyns Amt'),
(5220, 'Odense Sø', 'Fyns Amt'),
(5320, 'Agedrup', 'Fyns Amt'),
(5270, 'Odense N', 'Fyns Amt'),
(5491, 'Blommenslyst', 'Fyns Amt'),
(5260, 'Odense S', 'Fyns Amt'),
(5250, 'Odense Sv', 'Fyns Amt'),
(5240, 'Odense Nø', 'Fyns Amt'),
(5230, 'Odense M', 'Fyns Amt'),
(5210, 'Odense Nv', 'Fyns Amt'),
(5000, 'Odense C', 'Fyns Amt'),
(5330, 'Munkebo', 'Fyns Amt'),
(5492, 'Vissenbjerg', 'Fyns Amt'),
(5200, 'Odense V', 'Fyns Amt'),
(5750, 'Ringe', 'Fyns Amt'),
(5792, 'Årslev', 'Fyns Amt'),
(5900, 'Rudkøbing', 'Fyns Amt'),
(5771, 'Stenstrup', 'Fyns Amt'),
(5772, 'Kværndrup', 'Fyns Amt'),
(5750, 'Ringe', 'Fyns Amt'),
(5854, 'Gislev', 'Fyns Amt'),
(5853, 'Ørbæk', 'Fyns Amt'),
(5856, 'Ryslinge', 'Fyns Amt'),
(5700, 'Svendborg', 'Fyns Amt'),
(5881, 'Skårup Fyn', 'Fyns Amt'),
(5771, 'Stenstrup', 'Fyns Amt'),
(5932, 'Humble', 'Fyns Amt'),
(5900, 'Rudkøbing', 'Fyns Amt'),
(5935, 'Bagenkop', 'Fyns Amt'),
(5690, 'Tommerup', 'Fyns Amt'),
(5466, 'Asperup', 'Fyns Amt'),
(5580, 'Nørre Aaby', 'Fyns Amt'),
(5540, 'Ullerslev', 'Fyns Amt'),
(5550, 'Langeskov', 'Fyns Amt'),
(5492, 'Vissenbjerg', 'Fyns Amt'),
(5985, 'Søby Ærø', 'Fyns Amt'),
(5970, 'Ærøskøbing', 'Fyns Amt'),
(5853, 'Ørbæk', 'Fyns Amt'),
(5871, 'Frørup', 'Fyns Amt'),
(5874, 'Hesselager', 'Fyns Amt'),
(5800, 'Nyborg', 'Fyns Amt'),
(5540, 'Ullerslev', 'Fyns Amt'),
(5792, 'Årslev', 'Fyns Amt'),
(5750, 'Ringe', 'Fyns Amt'),
(5863, 'Ferritslev Fyn', 'Fyns Amt'),
(5550, 'Langeskov', 'Fyns Amt'),
(5560, 'Aarup', 'Fyns Amt'),
(5560, 'Aarup', 'Fyns Amt'),
(5471, 'Søndersø', 'Fyns Amt'),
(5474, 'Veflinge', 'Fyns Amt'),
(5485, 'Skamby', 'Fyns Amt'),
(5462, 'Morud', 'Fyns Amt'),
(5491, 'Blommenslyst', 'Fyns Amt'),
(5400, 'Bogense', 'Fyns Amt'),
(5492, 'Vissenbjerg', 'Fyns Amt'),
(5620, 'Glamsbjerg', 'Fyns Amt'),
(5610, 'Assens', 'Fyns Amt'),
(5560, 'Aarup', 'Fyns Amt'),
(5620, 'Glamsbjerg', 'Fyns Amt'),
(5631, 'Ebberup', 'Fyns Amt'),
(5400, 'Bogense', 'Fyns Amt'),
(5672, 'Broby', 'Fyns Amt'),
(5762, 'V. Skerninge', 'Fyns Amt'),
(5771, 'Stenstrup', 'Fyns Amt'),
(5772, 'Kværndrup', 'Fyns Amt'),
(5270, 'Odense N', 'Fyns Amt'),
(5450, 'Otterup', 'Fyns Amt'),
(5642, 'Millinge', 'Fyns Amt'),
(5600, 'Faaborg', 'Fyns Amt'),
(5762, 'V. Skerninge', 'Fyns Amt'),
(5540, 'Ullerslev', 'Fyns Amt'),
(5871, 'Frørup', 'Fyns Amt'),
(5800, 'Nyborg', 'Fyns Amt'),
(5874, 'Hesselager', 'Fyns Amt'),
(5892, 'Gudbjerg S.Fyn', 'Fyns Amt'),
(5882, 'Vejstrup', 'Fyns Amt'),
(5854, 'Gislev', 'Fyns Amt'),
(5771, 'Stenstrup', 'Fyns Amt'),
(5700, 'Svendborg', 'Fyns Amt'),
(5884, 'Gudme', 'Fyns Amt'),
(5772, 'Kværndrup', 'Fyns Amt'),
(5883, 'Oure', 'Fyns Amt'),
(5642, 'Millinge', 'Fyns Amt'),
(5631, 'Ebberup', 'Fyns Amt'),
(5620, 'Glamsbjerg', 'Fyns Amt'),
(5683, 'Haarby', 'Fyns Amt'),
(5550, 'Langeskov', 'Fyns Amt'),
(5390, 'Martofte', 'Fyns Amt'),
(5380, 'Dalby', 'Fyns Amt'),
(5370, 'Mesinge', 'Fyns Amt'),
(5350, 'Rynkeby', 'Fyns Amt'),
(5540, 'Ullerslev', 'Fyns Amt'),
(5300, 'Kerteminde', 'Fyns Amt'),
(5540, 'Ullerslev', 'Fyns Amt'),
(5290, 'Marslev', 'Fyns Amt'),
(5863, 'Ferritslev Fyn', 'Fyns Amt'),
(5550, 'Langeskov', 'Fyns Amt'),
(5960, 'Marstal', 'Fyns Amt'),
(5970, 'Ærøskøbing', 'Fyns Amt'),
(5500, 'Middelfart', 'Fyns Amt'),
(5330, 'Munkebo', 'Fyns Amt'),
(5466, 'Asperup', 'Fyns Amt'),
(5464, 'Brenderup Fyn', 'Fyns Amt'),
(5463, 'Harndrup', 'Fyns Amt'),
(5591, 'Gelsted', 'Fyns Amt'),
(5560, 'Aarup', 'Fyns Amt'),
(5580, 'Nørre Aaby', 'Fyns Amt'),
(5592, 'Ejby', 'Fyns Amt'),
(6094, 'Hejls', 'Sønderjyllands Amt'),
(6093, 'Sjølund', 'Sønderjyllands Amt'),
(6560, 'Sommersted', 'Sønderjyllands Amt'),
(6100, 'Haderslev', 'Sønderjyllands Amt'),
(6580, 'Vamdrup', 'Sønderjyllands Amt'),
(6070, 'Christiansfeld', 'Sønderjyllands Amt'),
(6440, 'Augustenborg', 'Sønderjyllands Amt'),
(6330, 'Padborg', 'Sønderjyllands Amt'),
(6340, 'Kruså', 'Sønderjyllands Amt'),
(6780, 'Skærbæk', 'Sønderjyllands Amt'),
(6792, 'Rømø', 'Sønderjyllands Amt'),
(6320, 'Egernsund', 'Sønderjyllands Amt'),
(6310, 'Broager', 'Sønderjyllands Amt'),
(6230, 'Rødekro', 'Sønderjyllands Amt'),
(6200, 'Aabenraa', 'Sønderjyllands Amt'),
(6560, 'Sommersted', 'Sønderjyllands Amt'),
(6070, 'Christiansfeld', 'Sønderjyllands Amt'),
(6630, 'Rødding', 'Sønderjyllands Amt'),
(6510, 'Gram', 'Sønderjyllands Amt'),
(6500, 'Vojens', 'Sønderjyllands Amt'),
(6240, 'Løgumkloster', 'Sønderjyllands Amt'),
(6280, 'Højer', 'Sønderjyllands Amt'),
(6270, 'Tønder', 'Sønderjyllands Amt'),
(6330, 'Padborg', 'Sønderjyllands Amt'),
(6360, 'Tinglev', 'Sønderjyllands Amt'),
(6372, 'Bylderup-Bov', 'Sønderjyllands Amt'),
(6392, 'Bolderslev', 'Sønderjyllands Amt'),
(6400, 'Sønderborg', 'Sønderjyllands Amt'),
(6400, 'Sønderborg', 'Sønderjyllands Amt'),
(6534, 'Agerskov', 'Sønderjyllands Amt'),
(6200, 'Aabenraa', 'Sønderjyllands Amt'),
(6230, 'Rødekro', 'Sønderjyllands Amt'),
(6510, 'Gram', 'Sønderjyllands Amt'),
(6630, 'Rødding', 'Sønderjyllands Amt'),
(6660, 'Lintrup', 'Sønderjyllands Amt'),
(6100, 'Haderslev', 'Sønderjyllands Amt'),
(6261, 'Bredebro', 'Sønderjyllands Amt'),
(6470, 'Sydals', 'Sønderjyllands Amt'),
(6300, 'Gråsten', 'Sønderjyllands Amt'),
(6520, 'Toftlund', 'Sønderjyllands Amt'),
(6500, 'Vojens', 'Sønderjyllands Amt'),
(6534, 'Agerskov', 'Sønderjyllands Amt'),
(6240, 'Løgumkloster', 'Sønderjyllands Amt'),
(6535, 'Branderup J', 'Sønderjyllands Amt'),
(6541, 'Bevtoft', 'Sønderjyllands Amt'),
(6780, 'Skærbæk', 'Sønderjyllands Amt'),
(6280, 'Højer', 'Sønderjyllands Amt'),
(6200, 'Aabenraa', 'Sønderjyllands Amt'),
(6240, 'Løgumkloster', 'Sønderjyllands Amt'),
(6430, 'Nordborg', 'Sønderjyllands Amt'),
(6510, 'Gram', 'Sønderjyllands Amt'),
(6630, 'Rødding', 'Sønderjyllands Amt'),
(7200, 'Grindsted', 'Ribe Amt'),
(6753, 'Agerbæk', 'Ribe Amt'),
(6800, 'Varde', 'Ribe Amt'),
(6818, 'Årre', 'Ribe Amt'),
(6682, 'Hovborg', 'Ribe Amt'),
(6623, 'Vorbasse', 'Ribe Amt'),
(7190, 'Billund', 'Ribe Amt'),
(7250, 'Hejnsvig', 'Ribe Amt'),
(6880, 'Tarm', 'Ribe Amt'),
(7200, 'Grindsted', 'Ribe Amt'),
(6823, 'Ansager', 'Ribe Amt'),
(6862, 'Tistrup', 'Ribe Amt'),
(6870, 'Ølgod', 'Ribe Amt'),
(6600, 'Vejen', 'Ribe Amt'),
(6621, 'Gesten', 'Ribe Amt'),
(6622, 'Bække', 'Ribe Amt'),
(6851, 'Janderup Vestj', 'Ribe Amt'),
(6855, 'Ovtrup', 'Ribe Amt'),
(6862, 'Tistrup', 'Ribe Amt'),
(6852, 'Billum', 'Ribe Amt'),
(6870, 'Ølgod', 'Ribe Amt'),
(6800, 'Varde', 'Ribe Amt'),
(6683, 'Føvling', 'Ribe Amt'),
(6760, 'Ribe', 'Ribe Amt'),
(6771, 'Gredstedbro', 'Ribe Amt'),
(6510, 'Gram', 'Ribe Amt'),
(6690, 'Gørding', 'Ribe Amt'),
(6753, 'Agerbæk', 'Ribe Amt'),
(6650, 'Brørup', 'Ribe Amt'),
(6690, 'Gørding', 'Ribe Amt'),
(6683, 'Føvling', 'Ribe Amt'),
(6682, 'Hovborg', 'Ribe Amt'),
(6670, 'Holsted', 'Ribe Amt'),
(6752, 'Glejbjerg', 'Ribe Amt'),
(6623, 'Vorbasse', 'Ribe Amt'),
(7190, 'Billund', 'Ribe Amt'),
(7200, 'Grindsted', 'Ribe Amt'),
(6682, 'Hovborg', 'Ribe Amt'),
(7270, 'Stakroge', 'Ribe Amt'),
(7260, 'Sønder Omme', 'Ribe Amt'),
(6823, 'Ansager', 'Ribe Amt'),
(7250, 'Hejnsvig', 'Ribe Amt'),
(6720, 'Fanø', 'Ribe Amt'),
(6710, 'Esbjerg V', 'Ribe Amt'),
(6715, 'Esbjerg N', 'Ribe Amt'),
(6731, 'Tjæreborg', 'Ribe Amt'),
(6700, 'Esbjerg', 'Ribe Amt'),
(6740, 'Bramming', 'Ribe Amt'),
(6705, 'Esbjerg Ø', 'Ribe Amt'),
(6670, 'Holsted', 'Ribe Amt'),
(6650, 'Brørup', 'Ribe Amt'),
(6600, 'Vejen', 'Ribe Amt'),
(6818, 'Årre', 'Ribe Amt'),
(6740, 'Bramming', 'Ribe Amt'),
(6670, 'Holsted', 'Ribe Amt'),
(6690, 'Gørding', 'Ribe Amt'),
(6855, 'Ovtrup', 'Ribe Amt'),
(6800, 'Varde', 'Ribe Amt'),
(6830, 'Nørre Nebel', 'Ribe Amt'),
(6854, 'Henne', 'Ribe Amt'),
(6853, 'Vejers Strand', 'Ribe Amt'),
(6840, 'Oksbøl', 'Ribe Amt'),
(6854, 'Henne', 'Ribe Amt'),
(6857, 'Blåvand', 'Ribe Amt'),
(7150, 'Barrit', 'Vejle Amt'),
(8700, 'Horsens', 'Vejle Amt'),
(7140, 'Stouby', 'Vejle Amt'),
(8783, 'Hornsyld', 'Vejle Amt'),
(8781, 'Stenderup', 'Vejle Amt'),
(7130, 'Juelsminde', 'Vejle Amt'),
(7323, 'Give', 'Vejle Amt'),
(7190, 'Billund', 'Vejle Amt'),
(7200, 'Grindsted', 'Vejle Amt'),
(7321, 'Gadbjerg', 'Vejle Amt'),
(7184, 'Vandel', 'Vejle Amt'),
(7330, 'Brande', 'Vejle Amt'),
(7361, 'Ejstrupholm', 'Vejle Amt'),
(7173, 'Vonge', 'Vejle Amt'),
(7300, 'Jelling', 'Vejle Amt'),
(7300, 'Jelling', 'Vejle Amt'),
(7120, 'Vejle Øst', 'Vejle Amt'),
(7100, 'Vejle', 'Vejle Amt'),
(8721, 'Daugård', 'Vejle Amt'),
(7182, 'Bredsten', 'Vejle Amt'),
(8722, 'Hedensted', 'Vejle Amt'),
(7000, 'Fredericia', 'Vejle Amt'),
(6580, 'Vamdrup', 'Vejle Amt'),
(7100, 'Vejle', 'Vejle Amt'),
(7160, 'Tørring', 'Vejle Amt'),
(8762, 'Flemming', 'Vejle Amt'),
(8763, 'Rask Mølle', 'Vejle Amt'),
(8766, 'Nørre Snede', 'Vejle Amt'),
(7171, 'Uldum', 'Vejle Amt'),
(7173, 'Vonge', 'Vejle Amt'),
(8765, 'Klovborg', 'Vejle Amt'),
(8766, 'Nørre Snede', 'Vejle Amt'),
(7160, 'Tørring', 'Vejle Amt'),
(7330, 'Brande', 'Vejle Amt'),
(7361, 'Ejstrupholm', 'Vejle Amt'),
(7362, 'Hampen', 'Vejle Amt'),
(6640, 'Lunderskov', 'Vejle Amt'),
(6064, 'Jordrup', 'Vejle Amt'),
(6040, 'Egtved', 'Vejle Amt'),
(6000, 'Kolding', 'Vejle Amt'),
(6052, 'Viuf', 'Vejle Amt'),
(6091, 'Bjert', 'Vejle Amt'),
(6092, 'Sdr. Stenderup', 'Vejle Amt'),
(6051, 'Almind', 'Vejle Amt'),
(6580, 'Vamdrup', 'Vejle Amt'),
(7000, 'Fredericia', 'Vejle Amt'),
(6052, 'Viuf', 'Vejle Amt'),
(7100, 'Vejle', 'Vejle Amt'),
(7080, 'Børkop', 'Vejle Amt'),
(8752, 'Østbirk', 'Vejle Amt'),
(8765, 'Klovborg', 'Vejle Amt'),
(8660, 'Skanderborg', 'Vejle Amt'),
(8740, 'Brædstrup', 'Vejle Amt'),
(8700, 'Horsens', 'Vejle Amt'),
(8680, 'Ry', 'Vejle Amt'),
(8654, 'Bryrup', 'Vejle Amt'),
(7140, 'Stouby', 'Vejle Amt'),
(8723, 'Løsning', 'Vejle Amt'),
(8722, 'Hedensted', 'Vejle Amt'),
(7171, 'Uldum', 'Vejle Amt'),
(8721, 'Daugård', 'Vejle Amt'),
(8700, 'Horsens', 'Vejle Amt'),
(7173, 'Vonge', 'Vejle Amt'),
(7100, 'Vejle', 'Vejle Amt'),
(7323, 'Give', 'Vejle Amt'),
(7160, 'Tørring', 'Vejle Amt'),
(7300, 'Jelling', 'Vejle Amt'),
(8660, 'Skanderborg', 'Vejle Amt'),
(8300, 'Odder', 'Vejle Amt'),
(8732, 'Hovedgård', 'Vejle Amt'),
(8700, 'Horsens', 'Vejle Amt'),
(8752, 'Østbirk', 'Vejle Amt'),
(8751, 'Gedved', 'Vejle Amt'),
(7000, 'Fredericia', 'Vejle Amt'),
(7321, 'Gadbjerg', 'Vejle Amt'),
(7183, 'Randbøl', 'Vejle Amt'),
(7184, 'Vandel', 'Vejle Amt'),
(7182, 'Bredsten', 'Vejle Amt'),
(7100, 'Vejle', 'Vejle Amt'),
(7300, 'Jelling', 'Vejle Amt'),
(6623, 'Vorbasse', 'Vejle Amt'),
(6040, 'Egtved', 'Vejle Amt'),
(8762, 'Flemming', 'Vejle Amt'),
(8781, 'Stenderup', 'Vejle Amt'),
(8783, 'Hornsyld', 'Vejle Amt'),
(8752, 'Østbirk', 'Vejle Amt'),
(8700, 'Horsens', 'Vejle Amt'),
(7620, 'Lemvig', 'Ringkøbing Amt'),
(7673, 'Harboøre', 'Ringkøbing Amt'),
(7680, 'Thyborøn', 'Ringkøbing Amt'),
(7480, 'Vildbjerg', 'Ringkøbing Amt'),
(7400, 'Herning', 'Ringkøbing Amt'),
(6990, 'Ulfborg', 'Ringkøbing Amt'),
(6973, 'Ørnhøj', 'Ringkøbing Amt'),
(7500, 'Holstebro', 'Ringkøbing Amt'),
(7550, 'Sørvad', 'Ringkøbing Amt'),
(7570, 'Vemb', 'Ringkøbing Amt'),
(6990, 'Ulfborg', 'Ringkøbing Amt'),
(7280, 'Sønder Felding', 'Ringkøbing Amt'),
(6900, 'Skjern', 'Ringkøbing Amt'),
(6940, 'Lem St', 'Ringkøbing Amt'),
(7540, 'Haderup', 'Ringkøbing Amt'),
(7500, 'Holstebro', 'Ringkøbing Amt'),
(7800, 'Skive', 'Ringkøbing Amt'),
(7830, 'Vinderup', 'Ringkøbing Amt'),
(7560, 'Hjerm', 'Ringkøbing Amt'),
(7500, 'Holstebro', 'Ringkøbing Amt'),
(7600, 'Struer', 'Ringkøbing Amt'),
(7830, 'Vinderup', 'Ringkøbing Amt'),
(7660, 'Bækmarksbro', 'Ringkøbing Amt'),
(7330, 'Brande', 'Ringkøbing Amt'),
(6933, 'Kibæk', 'Ringkøbing Amt'),
(7260, 'Sønder Omme', 'Ringkøbing Amt'),
(7270, 'Stakroge', 'Ringkøbing Amt'),
(7280, 'Sønder Felding', 'Ringkøbing Amt'),
(6933, 'Kibæk', 'Ringkøbing Amt'),
(7400, 'Herning', 'Ringkøbing Amt'),
(6920, 'Videbæk', 'Ringkøbing Amt'),
(6900, 'Skjern', 'Ringkøbing Amt'),
(7280, 'Sønder Felding', 'Ringkøbing Amt'),
(6971, 'Spjald', 'Ringkøbing Amt'),
(7480, 'Vildbjerg', 'Ringkøbing Amt'),
(7330, 'Brande', 'Ringkøbing Amt'),
(7361, 'Ejstrupholm', 'Ringkøbing Amt'),
(7790, 'Thyholm', 'Ringkøbing Amt'),
(7760, 'Hurup Thy', 'Ringkøbing Amt'),
(6940, 'Lem St', 'Ringkøbing Amt'),
(6971, 'Spjald', 'Ringkøbing Amt'),
(6980, 'Tim', 'Ringkøbing Amt'),
(6950, 'Ringkøbing', 'Ringkøbing Amt'),
(6973, 'Ørnhøj', 'Ringkøbing Amt'),
(6990, 'Ulfborg', 'Ringkøbing Amt'),
(7500, 'Holstebro', 'Ringkøbing Amt'),
(7540, 'Haderup', 'Ringkøbing Amt'),
(7470, 'Karup J', 'Ringkøbing Amt'),
(7451, 'Sunds', 'Ringkøbing Amt'),
(7830, 'Vinderup', 'Ringkøbing Amt'),
(7490, 'Aulum', 'Ringkøbing Amt'),
(7270, 'Stakroge', 'Ringkøbing Amt'),
(6870, 'Ølgod', 'Ringkøbing Amt'),
(6880, 'Tarm', 'Ringkøbing Amt'),
(6893, 'Hemmet', 'Ringkøbing Amt'),
(6830, 'Nørre Nebel', 'Ringkøbing Amt'),
(7451, 'Sunds', 'Ringkøbing Amt'),
(6933, 'Kibæk', 'Ringkøbing Amt'),
(7400, 'Herning', 'Ringkøbing Amt'),
(7330, 'Brande', 'Ringkøbing Amt'),
(6960, 'Hvide Sande', 'Ringkøbing Amt'),
(6950, 'Ringkøbing', 'Ringkøbing Amt'),
(7570, 'Vemb', 'Ringkøbing Amt'),
(7560, 'Hjerm', 'Ringkøbing Amt'),
(7600, 'Struer', 'Ringkøbing Amt'),
(7540, 'Haderup', 'Ringkøbing Amt'),
(7500, 'Holstebro', 'Ringkøbing Amt'),
(7830, 'Vinderup', 'Ringkøbing Amt'),
(7442, 'Engesvang', 'Ringkøbing Amt'),
(8600, 'Silkeborg', 'Ringkøbing Amt'),
(7400, 'Herning', 'Ringkøbing Amt'),
(7430, 'Ikast', 'Ringkøbing Amt'),
(7441, 'Bording', 'Ringkøbing Amt'),
(7451, 'Sunds', 'Ringkøbing Amt'),
(7660, 'Bækmarksbro', 'Ringkøbing Amt'),
(7620, 'Lemvig', 'Ringkøbing Amt'),
(7600, 'Struer', 'Ringkøbing Amt'),
(7570, 'Vemb', 'Ringkøbing Amt'),
(7650, 'Bøvlingbjerg', 'Ringkøbing Amt'),
(6990, 'Ulfborg', 'Ringkøbing Amt'),
(8983, 'Gjerlev J.', 'Århus Amt'),
(8990, 'Fårup', 'Århus Amt'),
(8900, 'Randers', 'Århus Amt'),
(8981, 'Spentrup', 'Århus Amt'),
(9550, 'Mariager', 'Århus Amt'),
(8410, 'Rønde', 'Århus Amt'),
(8550, 'Ryomgård', 'Århus Amt'),
(8543, 'Hornslet', 'Århus Amt'),
(8544, 'Mørke', 'Århus Amt'),
(8400, 'Ebeltoft', 'Århus Amt'),
(8410, 'Rønde', 'Århus Amt'),
(8550, 'Ryomgård', 'Århus Amt'),
(8544, 'Mørke', 'Århus Amt'),
(8963, 'Auning', 'Århus Amt'),
(8543, 'Hornslet', 'Århus Amt'),
(8370, 'Hadsten', 'Århus Amt'),
(8963, 'Auning', 'Århus Amt'),
(8950, 'Ørsted', 'Århus Amt'),
(8961, 'Allingåbro', 'Århus Amt');
INSERT INTO `bmx_postnr` (`postnr`, `bynavn`, `amt`) VALUES
(8586, 'Ørum Djurs', 'Århus Amt'),
(8581, 'Nimtofte', 'Århus Amt'),
(8670, 'Låsby', 'Århus Amt'),
(8680, 'Ry', 'Århus Amt'),
(8464, 'Galten', 'Århus Amt'),
(8600, 'Silkeborg', 'Århus Amt'),
(8660, 'Skanderborg', 'Århus Amt'),
(8990, 'Fårup', 'Århus Amt'),
(8900, 'Randers', 'Århus Amt'),
(8981, 'Spentrup', 'Århus Amt'),
(8305, 'Samsø', 'Århus Amt'),
(8653, 'Them', 'Århus Amt'),
(8600, 'Silkeborg', 'Århus Amt'),
(8632, 'Lemming', 'Århus Amt'),
(7442, 'Engesvang', 'Århus Amt'),
(8620, 'Kjellerup', 'Århus Amt'),
(8362, 'Hørning', 'Århus Amt'),
(8660, 'Skanderborg', 'Århus Amt'),
(8751, 'Gedved', 'Århus Amt'),
(8544, 'Mørke', 'Århus Amt'),
(8900, 'Randers', 'Århus Amt'),
(8961, 'Allingåbro', 'Århus Amt'),
(8963, 'Auning', 'Århus Amt'),
(8550, 'Ryomgård', 'Århus Amt'),
(8740, 'Brædstrup', 'Århus Amt'),
(8600, 'Silkeborg', 'Århus Amt'),
(8680, 'Ry', 'Århus Amt'),
(7441, 'Bording', 'Århus Amt'),
(8654, 'Bryrup', 'Århus Amt'),
(8653, 'Them', 'Århus Amt'),
(7362, 'Hampen', 'Århus Amt'),
(8570, 'Trustrup', 'Århus Amt'),
(8400, 'Ebeltoft', 'Århus Amt'),
(8444, 'Balle', 'Århus Amt'),
(8410, 'Rønde', 'Århus Amt'),
(8420, 'Knebel', 'Århus Amt'),
(8310, 'Tranbjerg J', 'Århus Amt'),
(8300, 'Odder', 'Århus Amt'),
(8270, 'Højbjerg', 'Århus Amt'),
(8260, 'Viby J', 'Århus Amt'),
(8250, 'Egå', 'Århus Amt'),
(8240, 'Risskov', 'Århus Amt'),
(8220, 'Brabrand', 'Århus Amt'),
(8210, 'Århus V', 'Århus Amt'),
(8200, 'Århus N', 'Århus Amt'),
(8320, 'Mårslet', 'Århus Amt'),
(8000, 'Århus C', 'Århus Amt'),
(8100, 'Århus C', 'Århus Amt'),
(8660, 'Skanderborg', 'Århus Amt'),
(8541, 'Skødstrup', 'Århus Amt'),
(8230, 'Åbyhøj', 'Århus Amt'),
(8543, 'Hornslet', 'Århus Amt'),
(8330, 'Beder', 'Århus Amt'),
(8520, 'Lystrup', 'Århus Amt'),
(8530, 'Hjortshøj', 'Århus Amt'),
(8471, 'Sabro', 'Århus Amt'),
(8464, 'Galten', 'Århus Amt'),
(8462, 'Harlev J', 'Århus Amt'),
(8382, 'Hinnerup', 'Århus Amt'),
(8340, 'Malling', 'Århus Amt'),
(8355, 'Solbjerg', 'Århus Amt'),
(8381, 'Tilst', 'Århus Amt'),
(8380, 'Trige', 'Århus Amt'),
(8361, 'Hasselager', 'Århus Amt'),
(8362, 'Hørning', 'Århus Amt'),
(8382, 'Hinnerup', 'Århus Amt'),
(8380, 'Trige', 'Århus Amt'),
(8370, 'Hadsten', 'Århus Amt'),
(8870, 'Langå', 'Århus Amt'),
(8900, 'Randers', 'Århus Amt'),
(8660, 'Skanderborg', 'Århus Amt'),
(8340, 'Malling', 'Århus Amt'),
(8300, 'Odder', 'Århus Amt'),
(8350, 'Hundslund', 'Århus Amt'),
(8450, 'Hammel', 'Århus Amt'),
(8632, 'Lemming', 'Århus Amt'),
(8600, 'Silkeborg', 'Århus Amt'),
(8883, 'Gjern', 'Århus Amt'),
(8472, 'Sporup', 'Århus Amt'),
(8643, 'Ans By', 'Århus Amt'),
(8881, 'Thorsø', 'Århus Amt'),
(8882, 'Fårvang', 'Århus Amt'),
(8641, 'Sorring', 'Århus Amt'),
(8560, 'Kolind', 'Århus Amt'),
(8592, 'Anholt', 'Århus Amt'),
(8500, 'Grenaa', 'Århus Amt'),
(8444, 'Balle', 'Århus Amt'),
(8570, 'Trustrup', 'Århus Amt'),
(8471, 'Sabro', 'Århus Amt'),
(8464, 'Galten', 'Århus Amt'),
(8641, 'Sorring', 'Århus Amt'),
(8882, 'Fårvang', 'Århus Amt'),
(8881, 'Thorsø', 'Århus Amt'),
(8472, 'Sporup', 'Århus Amt'),
(8450, 'Hammel', 'Århus Amt'),
(8380, 'Trige', 'Århus Amt'),
(8382, 'Hinnerup', 'Århus Amt'),
(8464, 'Galten', 'Århus Amt'),
(8362, 'Hørning', 'Århus Amt'),
(8660, 'Skanderborg', 'Århus Amt'),
(8881, 'Thorsø', 'Århus Amt'),
(8860, 'Ulstrup', 'Århus Amt'),
(8900, 'Randers', 'Århus Amt'),
(8870, 'Langå', 'Århus Amt'),
(9500, 'Hobro', 'Århus Amt'),
(9550, 'Mariager', 'Århus Amt'),
(8970, 'Havndal', 'Århus Amt'),
(9560, 'Hadsund', 'Århus Amt'),
(8581, 'Nimtofte', 'Århus Amt'),
(8410, 'Rønde', 'Århus Amt'),
(8550, 'Ryomgård', 'Århus Amt'),
(8560, 'Kolind', 'Århus Amt'),
(8963, 'Auning', 'Århus Amt'),
(8400, 'Ebeltoft', 'Århus Amt'),
(8983, 'Gjerlev J.', 'Århus Amt'),
(8981, 'Spentrup', 'Århus Amt'),
(8970, 'Havndal', 'Århus Amt'),
(8900, 'Randers', 'Århus Amt'),
(8560, 'Kolind', 'Århus Amt'),
(8500, 'Grenaa', 'Århus Amt'),
(8581, 'Nimtofte', 'Århus Amt'),
(8585, 'Glesborg', 'Århus Amt'),
(8586, 'Ørum Djurs', 'Århus Amt'),
(8471, 'Sabro', 'Århus Amt'),
(8362, 'Hørning', 'Århus Amt'),
(8464, 'Galten', 'Århus Amt'),
(8660, 'Skanderborg', 'Århus Amt'),
(8472, 'Sporup', 'Århus Amt'),
(8670, 'Låsby', 'Århus Amt'),
(8830, 'Tjele', 'Viborg Amt'),
(7870, 'Roslev', 'Viborg Amt'),
(7470, 'Karup J', 'Viborg Amt'),
(8831, 'Løgstrup', 'Viborg Amt'),
(8800, 'Viborg', 'Viborg Amt'),
(7741, 'Frøstrup', 'Viborg Amt'),
(7755, 'Bedsted Thy', 'Viborg Amt'),
(7752, 'Snedsted', 'Viborg Amt'),
(7742, 'Vesløs', 'Viborg Amt'),
(7700, 'Thisted', 'Viborg Amt'),
(7755, 'Bedsted Thy', 'Viborg Amt'),
(7760, 'Hurup Thy', 'Viborg Amt'),
(7770, 'Vestervig', 'Viborg Amt'),
(7752, 'Snedsted', 'Viborg Amt'),
(7884, 'Fur', 'Viborg Amt'),
(7870, 'Roslev', 'Viborg Amt'),
(7800, 'Skive', 'Viborg Amt'),
(7860, 'Spøttrup', 'Viborg Amt'),
(7830, 'Vinderup', 'Viborg Amt'),
(7860, 'Spøttrup', 'Viborg Amt'),
(7840, 'Højslev', 'Viborg Amt'),
(7800, 'Skive', 'Viborg Amt'),
(7960, 'Karby', 'Viborg Amt'),
(7980, 'Vils', 'Viborg Amt'),
(7950, 'Erslev', 'Viborg Amt'),
(7990, 'Øster Assels', 'Viborg Amt'),
(7900, 'Nykøbing M', 'Viborg Amt'),
(7970, 'Redsted M', 'Viborg Amt'),
(8800, 'Viborg', 'Viborg Amt'),
(7442, 'Engesvang', 'Viborg Amt'),
(8840, 'Rødkærsbro', 'Viborg Amt'),
(8620, 'Kjellerup', 'Viborg Amt'),
(7470, 'Karup J', 'Viborg Amt'),
(8643, 'Ans By', 'Viborg Amt'),
(8632, 'Lemming', 'Viborg Amt'),
(8800, 'Viborg', 'Viborg Amt'),
(7470, 'Karup J', 'Viborg Amt'),
(8882, 'Fårvang', 'Viborg Amt'),
(8881, 'Thorsø', 'Viborg Amt'),
(8870, 'Langå', 'Viborg Amt'),
(8860, 'Ulstrup', 'Viborg Amt'),
(8850, 'Bjerringbro', 'Viborg Amt'),
(7730, 'Hanstholm', 'Viborg Amt'),
(7741, 'Frøstrup', 'Viborg Amt'),
(7700, 'Thisted', 'Viborg Amt'),
(7850, 'Stoholm J.', 'Viborg Amt'),
(7800, 'Skive', 'Viborg Amt'),
(7840, 'Højslev', 'Viborg Amt'),
(8800, 'Viborg', 'Viborg Amt'),
(7470, 'Karup J', 'Viborg Amt'),
(8620, 'Kjellerup', 'Viborg Amt'),
(8840, 'Rødkærsbro', 'Viborg Amt'),
(8850, 'Bjerringbro', 'Viborg Amt'),
(8643, 'Ans By', 'Viborg Amt'),
(8900, 'Randers', 'Viborg Amt'),
(8800, 'Viborg', 'Viborg Amt'),
(8860, 'Ulstrup', 'Viborg Amt'),
(9632, 'Møldrup', 'Viborg Amt'),
(9610, 'Nørager', 'Viborg Amt'),
(9500, 'Hobro', 'Viborg Amt'),
(9631, 'Gedsted', 'Viborg Amt'),
(9620, 'Aalestrup', 'Viborg Amt'),
(9600, 'Aars', 'Viborg Amt'),
(9620, 'Aalestrup', 'Viborg Amt'),
(8832, 'Skals', 'Viborg Amt'),
(9631, 'Gedsted', 'Viborg Amt'),
(9500, 'Hobro', 'Viborg Amt'),
(9632, 'Møldrup', 'Viborg Amt'),
(9900, 'Frederikshavn', 'Nordjyllands Amt'),
(9750, 'Øster Vrå', 'Nordjyllands Amt'),
(9300, 'Sæby', 'Nordjyllands Amt'),
(9352, 'Dybvad', 'Nordjyllands Amt'),
(9330, 'Dronninglund', 'Nordjyllands Amt'),
(9830, 'Tårs', 'Nordjyllands Amt'),
(9340, 'Asaa', 'Nordjyllands Amt'),
(9240, 'Nibe', 'Nordjyllands Amt'),
(9530, 'Støvring', 'Nordjyllands Amt'),
(9620, 'Aalestrup', 'Nordjyllands Amt'),
(9500, 'Hobro', 'Nordjyllands Amt'),
(9600, 'Aars', 'Nordjyllands Amt'),
(9610, 'Nørager', 'Nordjyllands Amt'),
(9440, 'Aabybro', 'Nordjyllands Amt'),
(9493, 'Saltum', 'Nordjyllands Amt'),
(9490, 'Pandrup', 'Nordjyllands Amt'),
(9480, 'Løkken', 'Nordjyllands Amt'),
(9492, 'Blokhus', 'Nordjyllands Amt'),
(9700, 'Brønderslev', 'Nordjyllands Amt'),
(9280, 'Storvorde', 'Nordjyllands Amt'),
(9293, 'Kongerslev', 'Nordjyllands Amt'),
(9900, 'Frederikshavn', 'Nordjyllands Amt'),
(9881, 'Bindslev', 'Nordjyllands Amt'),
(9870, 'Sindal', 'Nordjyllands Amt'),
(9800, 'Hjørring', 'Nordjyllands Amt'),
(9750, 'Øster Vrå', 'Nordjyllands Amt'),
(9830, 'Tårs', 'Nordjyllands Amt'),
(9881, 'Bindslev', 'Nordjyllands Amt'),
(9982, 'Ålbæk', 'Nordjyllands Amt'),
(9990, 'Skagen', 'Nordjyllands Amt'),
(9800, 'Hjørring', 'Nordjyllands Amt'),
(9480, 'Løkken', 'Nordjyllands Amt'),
(9760, 'Vrå', 'Nordjyllands Amt'),
(9610, 'Nørager', 'Nordjyllands Amt'),
(9541, 'Suldrup', 'Nordjyllands Amt'),
(9240, 'Nibe', 'Nordjyllands Amt'),
(9530, 'Støvring', 'Nordjyllands Amt'),
(9520, 'Skørping', 'Nordjyllands Amt'),
(9230, 'Svenstrup J.', 'Nordjyllands Amt'),
(9510, 'Arden', 'Nordjyllands Amt'),
(9310, 'Vodskov', 'Nordjyllands Amt'),
(9362, 'Gandrup', 'Nordjyllands Amt'),
(9370, 'Hals', 'Nordjyllands Amt'),
(9440, 'Aabybro', 'Nordjyllands Amt'),
(9382, 'Tylstrup', 'Nordjyllands Amt'),
(9430, 'Vadum', 'Nordjyllands Amt'),
(9381, 'Sulsted', 'Nordjyllands Amt'),
(9460, 'Brovst', 'Nordjyllands Amt'),
(9230, 'Svenstrup J.', 'Nordjyllands Amt'),
(9210, 'Aalborg Sø', 'Nordjyllands Amt'),
(9200, 'Aalborg Sv', 'Nordjyllands Amt'),
(9100, 'Aalborg', 'Nordjyllands Amt'),
(9240, 'Nibe', 'Nordjyllands Amt'),
(9000, 'Aalborg', 'Nordjyllands Amt'),
(9220, 'Aalborg Øst', 'Nordjyllands Amt'),
(9260, 'Gistrup', 'Nordjyllands Amt'),
(9270, 'Klarup', 'Nordjyllands Amt'),
(9310, 'Vodskov', 'Nordjyllands Amt'),
(9320, 'Hjallerup', 'Nordjyllands Amt'),
(9381, 'Sulsted', 'Nordjyllands Amt'),
(9382, 'Tylstrup', 'Nordjyllands Amt'),
(9400, 'Nørresundby', 'Nordjyllands Amt'),
(9430, 'Vadum', 'Nordjyllands Amt'),
(9440, 'Aabybro', 'Nordjyllands Amt'),
(9530, 'Støvring', 'Nordjyllands Amt'),
(9380, 'Vestbjerg', 'Nordjyllands Amt'),
(9520, 'Skørping', 'Nordjyllands Amt'),
(9260, 'Gistrup', 'Nordjyllands Amt'),
(9510, 'Arden', 'Nordjyllands Amt'),
(9560, 'Hadsund', 'Nordjyllands Amt'),
(9575, 'Terndrup', 'Nordjyllands Amt'),
(9574, 'Bælum', 'Nordjyllands Amt'),
(9293, 'Kongerslev', 'Nordjyllands Amt'),
(9681, 'Ranum', 'Nordjyllands Amt'),
(9240, 'Nibe', 'Nordjyllands Amt'),
(9670, 'Løgstør', 'Nordjyllands Amt'),
(9940, 'Læsø', 'Nordjyllands Amt'),
(9550, 'Mariager', 'Nordjyllands Amt'),
(8990, 'Fårup', 'Nordjyllands Amt'),
(9500, 'Hobro', 'Nordjyllands Amt'),
(9881, 'Bindslev', 'Nordjyllands Amt'),
(9850, 'Hirtshals', 'Nordjyllands Amt'),
(9800, 'Hjørring', 'Nordjyllands Amt'),
(9982, 'Ålbæk', 'Nordjyllands Amt'),
(9870, 'Sindal', 'Nordjyllands Amt'),
(9510, 'Arden', 'Nordjyllands Amt'),
(9560, 'Hadsund', 'Nordjyllands Amt'),
(9981, 'Jerup', 'Nordjyllands Amt'),
(9982, 'Ålbæk', 'Nordjyllands Amt'),
(9870, 'Sindal', 'Nordjyllands Amt'),
(9900, 'Frederikshavn', 'Nordjyllands Amt'),
(9970, 'Strandby', 'Nordjyllands Amt'),
(9690, 'Fjerritslev', 'Nordjyllands Amt'),
(9670, 'Løgstør', 'Nordjyllands Amt'),
(9640, 'Farsø', 'Nordjyllands Amt'),
(9631, 'Gedsted', 'Nordjyllands Amt'),
(9670, 'Løgstør', 'Nordjyllands Amt'),
(9370, 'Hals', 'Nordjyllands Amt'),
(9700, 'Brønderslev', 'Nordjyllands Amt'),
(9382, 'Tylstrup', 'Nordjyllands Amt'),
(9330, 'Dronninglund', 'Nordjyllands Amt'),
(9320, 'Hjallerup', 'Nordjyllands Amt'),
(9340, 'Asaa', 'Nordjyllands Amt'),
(9352, 'Dybvad', 'Nordjyllands Amt'),
(9740, 'Jerslev J', 'Nordjyllands Amt'),
(9750, 'Øster Vrå', 'Nordjyllands Amt'),
(9760, 'Vrå', 'Nordjyllands Amt'),
(9700, 'Brønderslev', 'Nordjyllands Amt'),
(9440, 'Aabybro', 'Nordjyllands Amt'),
(9382, 'Tylstrup', 'Nordjyllands Amt'),
(9480, 'Løkken', 'Nordjyllands Amt'),
(9460, 'Brovst', 'Nordjyllands Amt'),
(9690, 'Fjerritslev', 'Nordjyllands Amt'),
(9440, 'Aabybro', 'Nordjyllands Amt'),
(9560, 'Hadsund', 'Nordjyllands Amt'),
(9510, 'Arden', 'Nordjyllands Amt'),
(9500, 'Hobro', 'Nordjyllands Amt'),
(9240, 'Nibe', 'Nordjyllands Amt'),
(9541, 'Suldrup', 'Nordjyllands Amt'),
(9600, 'Aars', 'Nordjyllands Amt'),
(9830, 'Tårs', 'Nordjyllands Amt'),
(9740, 'Jerslev J', 'Nordjyllands Amt'),
(9750, 'Øster Vrå', 'Nordjyllands Amt'),
(9800, 'Hjørring', 'Nordjyllands Amt'),
(9760, 'Vrå', 'Nordjyllands Amt');

-- --------------------------------------------------------

--
-- Table structure for table `bmx_review_articles`
--

CREATE TABLE IF NOT EXISTS `bmx_review_articles` (
  `id` int(11) NOT NULL auto_increment,
  `writer` int(11) NOT NULL,
  `title` varchar(255) NOT NULL,
  `text` text NOT NULL,
  `bmx_review_category` int(2) NOT NULL,
  `timestamp` int(11) NOT NULL,
  PRIMARY KEY  (`id`)
) ENGINE=MyISAM DEFAULT CHARSET=utf8 AUTO_INCREMENT=1 ;

--
-- Dumping data for table `bmx_review_articles`
--


-- --------------------------------------------------------

--
-- Table structure for table `bmx_review_category`
--

CREATE TABLE IF NOT EXISTS `bmx_review_category` (
  `id` int(11) NOT NULL auto_increment,
  `category_name` varchar(200) NOT NULL,
  `desc` varchar(255) NOT NULL,
  PRIMARY KEY  (`id`)
) ENGINE=MyISAM  DEFAULT CHARSET=utf8 AUTO_INCREMENT=5 ;

--
-- Dumping data for table `bmx_review_category`
--

INSERT INTO `bmx_review_category` (`id`, `category_name`, `desc`) VALUES
(1, 'Aerials', 'Tricks udført på verts, quarterpipes eller halfpipes som kræver op til 180 graders rotation'),
(2, 'Hop', 'Ganske lige til tricks over dirt doubles, spines eller wedges'),
(3, 'Lip tricks', 'Tricks der kan udføres på copings, ledges eller rails, mest af tiden er et hop involveret'),
(4, 'Andre', 'Simple, eller andre der ikke passer ind andre steder');

-- --------------------------------------------------------

--
-- Table structure for table `bmx_spot_guide`
--

CREATE TABLE IF NOT EXISTS `bmx_spot_guide` (
  `id` int(11) NOT NULL auto_increment,
  `navn` varchar(255) character set utf8 NOT NULL,
  `text` text character set utf8 NOT NULL,
  `writer` int(11) NOT NULL,
  `timestamp` int(11) NOT NULL,
  `gallery_id` int(11) NOT NULL,
  `postnummer` smallint(4) NOT NULL,
  `amt` varchar(50) character set utf8 NOT NULL,
  `coordinates` varchar(255) character set utf8 NOT NULL,
  `voteCount` int(11) NOT NULL default '5',
  `voteUsers` varchar(255) character set utf8 NOT NULL default '1',
  `voteRating` varchar(11) character set utf8 NOT NULL default '5',
  PRIMARY KEY  (`id`)
) ENGINE=MyISAM  DEFAULT CHARSET=utf8 COLLATE=utf8_danish_ci AUTO_INCREMENT=52 ;

--
-- Dumping data for table `bmx_spot_guide`
--

INSERT INTO `bmx_spot_guide` (`id`, `navn`, `text`, `writer`, `timestamp`, `gallery_id`, `postnummer`, `amt`, `coordinates`, `voteCount`, `voteUsers`, `voteRating`) VALUES
(10, 'Olliestedet', 'Olliestedet, eller stalden som nogle kalder den for at finde et mindre neutralt ord, er en lille offentlig ejet hal på omkring 720 kvadrat meter. \r\n\r\nHallen er ejet af ungdomsskolen, og den ansvarlige for det er skateboarder hvilket hallen bærer temmelig meget præg af. Det er en skatehal, men hvis man vil køre i ly for vejret eller hvis man vil have en god session i en lille hal om sommeren. Gulvet er blankpoleret hvilket skaber et virkelig glat underlag.\r\n\r\nHallen består af en lille minirampe m. spine (ikke vist på billede), og en lidt større minirampe samt nogle street obsticals, en box og en pyramide.\r\n\r\nDet er helt gratis. Og der er toilet til fri afbenyttelse.\r\n\r\n<b>Transport</b>\r\nMed tog fra København tager man toget til Hillerød, og derfra toget mod Frederiksværk/Hundested og står af i Ølsted. Man krydser jernbaneoverskæringen og kører forbi brugsen og fortsætter op ad bakken til man kan se markerne, når de kommer slår man et smut til højre og følger vejen og ved skoven drejer man til højre og går ind i hallen.\r\n\r\nI bil kører man til Hillerød, for at køre mod Frederiksværk via. Hillerødvejen, ved Ølsted drejer man af, og følger vejen, man kommer forbi nogle marker, og ved slutningen af dem starter byen og lige der kører man til venstre, og ved den lille skov drejer man til højre, og så er man der.\r\n\r\n<b>Adresse</b>\r\nPræstebrovej 4\r\n3310 Ølsted\r\n\r\n<b>Åbningstider:</b>\r\nMandag til torsdag:\r\n13.00 - 21.00\r\n\r\nFredag:\r\n13.00 - 20.00 	 \r\n\r\nLørdag til Søndag:\r\n10.00 - 20.00\r\n\r\n<b>Links:</b>\r\n<a href="http://www.frvbibl.dk/Turguide/Aktiviteter/olliestedet.htm">http://www.frvbibl.dk</a> - Bibliotekets side med information.\r\n<a href="http://www.olliestedet.dk">http://www.olliestedet.dk</a> - Olliestedets hjemmeside ', 1, 1167812639, 0, 3310, 'Frederiksborg', '12.076157927513123;55.92777160516673', 5, '1', '5'),
(12, 'Sønderborg Skaterhal', ' \r\nSønderborg skateklub\r\nSkatehallen\r\nKongevej 49 A\r\n6400 Sønderborg\r\nTelefon 7442 4275\r\nMobil : 2259 7945\r\nEmail skatehal: sdbg@skatehal.dk\r\n\r\n<b>Åbningstider:</b>\r\nAlle hverdage (Undtagens Fredag og Søndag)\r\n14.00 - 22.00\r\n\r\n<b>Priser:</b>\r\nIkke medlem: 35 kr.\r\nMedlem (pr. kvartal): 300 kr. \r\n\r\n<b>Hjemmeside:</b>\r\n<a href="http://skatehal.dk/">http://skatehal.dk/</a>', 1, 1167817341, 0, 6400, 'Sønderjyllands', '9.797444343566894;54.911553780413165', 5, '1', '5'),
(13, 'Min have', 'To små linjer med Dirt jumps, mest lavet til BMX\r\nÅbningstider er når jeg er hjemme\r\ntlf: 31201417\r\nBygvænget 5\r\n7870 Roslev', 18, 1167836181, 0, 7870, 'Viborg', '8.987288475036621;56.70556573994834', 13, '1,81', '6.5'),
(14, 'Feldborg BMX-bane', 'Feldborg BMX klub\r\nBredgade 80A\r\n7540 Haderup\r\n\r\nTræningstider:\r\ntirsdag og torsdag \r\n18:30 - 21:00\r\n\r\nwww.febmx.dk', 19, 1167837829, 0, 7540, 'Ringkøbing', '8.923816680908203;56.32691256295781', 12, '1,16,81', '4'),
(19, 'Fælledparken Skatepark', ' \r\nder er en Urampe, minibowl en stor funbox og en masse andre ting som jeg ikke kan huske hvad hedder...  Fedt sted i hvert fald....\r\n\r\n der er ikke åbningstider eller priser. den eneste store ulempe er at de er udenfor så det har det med at være vådt om morgenen og tit efter dage hvor det har regnet... det er inkrænset (?) af træer så vind plejer ikke at være et problem, men nogen gange er der overflod af kastanier og andet lort som gør det sværere at køre..\r\n\r\nder er også masser af skatere der ovre.   jeg mener at det er et vildt fedt spot med mange muligheder når det er tørt', 22, 1167850078, 0, 2100, 'Københavns', '12.56263017654419;55.69945006764575', 33, '1,43,16,81', '8.25'),
(20, 'Roskilde Skatepark', 'Turen gik til Roskilde, dagen var efter festivallens afslutning, optimistisk og tidligt tager jeg til Roskilde. Jeg kan se alle festival deltagerne der er på vej hjem, og kommer frem til Darupvej, på bakken inden ramperne bliver jeg stoppet af en festival-vagt som stopper mig, hun spørger om hun må se mit festival armbånd, det havde jeg intet af, og så prøvede hun at sælge et til mig for en 300 kr. Det var jeg ikke interresseret i, så den dag gik med lidt street i roskilde og tidligt hjem. Stor skuffelse.\r\n\r\nDagen efter vendte jeg næsen mod Roskilde igen, idag var der åbent, jeg kommer til en tom park, der stinker af en blanding af pis og øl, samt stanken af affald. Fuck det, nu skulle der bare køres. \r\n\r\nParken har været blevet lavet af et par gange hvor der er blevet finpudset, i starten var der meget kantet og slet ikke til at køre. Det har de fået finpudset nu og har fået en ret lækker park ud af. De har en kæmpe urampe, en <b>alt</b> for dope bowl, en mindre miniramp, boxe man kan grinde på, samt en box og en wallride. \r\n\r\nDet er endda muligt at lave transfer fra bowlen til minirampen som fungerer som spine hvis man er sej nok.\r\n\r\n<b>Adresse:</b>\r\nDarupvej\r\n4000 Roskilde\r\n\r\n<b>Kørselsvejledning:</b>\r\nPå cykel kommer man let derud fra Roskilde station af, find hovedindgangen til stationsbygningen, stil dig med ryggen til døren og se ud på pladsen med de 3 store vaser. Den vej der kører forbi stationen følger du til venstre, til du kommer hen til et kryds, i det kryds kører du til venstre, under skinnerne, og hen til en rundkørsel. I rundkørslen kører til højre op ad bakken og fortsætter ligeud. Du krydser nogle små butikker og boligblokke, når du kører over motorvejen drejer du til højre, og du vil se en tank på højre hånd. Du forsætter ligeud af den vej du kørte ned ad og fortsætter ligeud indtil skateparken kommer når vejen slår et skarpt sving. Enjoy :)\r\n\r\n<b>Åbningstider:</b>\r\nAltid åbent, undtagen når der er festival så spærrer de arealet af.', 1, 1168034396, 0, 4000, 'Københavns', '12.06648588180542;55.62287736030296', 25, '1,43,45,81', '6.25'),
(21, 'Vejgaard Skatehal (9Tuzz)', 'Vejgaard skatehal er en fantastisk kombination af glimrende ramper. I hallen er der blandt andet: Jumpbox, 2 Curbcuts med rails, Pyramide, masser af quarters deriblandt en quarterhip, 2 Subbox''s, wallride.\r\n\r\nUdover dette er der også et mindre udendørs streetareal, Minirampe med spine og wallride.\r\n\r\n<b>Addresse:</b>\r\nØster Sundbyvej 23\r\n9000 Aalborg\r\n\r\nBus nr 17(Saltumvej) holder lige udenfor hallen.\r\n\r\n<b>Åbningstider:</b>\r\nMan-Torsdag: 16.00 - 20.45\r\nLør-Søndag:  12.00 - 16.45\r\n\r\n<b>Priser:</b>\r\nEntre: 20 kr.\r\nMedlemskab: 95 kr. pr. md.\r\n\r\nKold ½ltr Coca Cola: 14 kr.\r\n\r\nFri afbenytning hygiejnisk toilet.', 67, 1168071937, 0, 9000, 'Nordjyllands', '9.953688383102417;57.04529404900027', 53, '1,27,13,16,67,85', '8.833333333'),
(22, 'Farmerspottet (9Tuzz)', 'Farmerspottet er vores lille dirtspot belligende ca. 10 km fra Aalborg.\r\n\r\n<b>Addresse:</b> \r\nGrøndalsvej(for enden af vejen, bag bommen)\r\n9200 Frejlev\r\n\r\n<b>Beskrivelse:</b>\r\nSpottet er åben for alle der kan finde ud af at opføre sig ordentligt OG RYDDE OP EFTER SIG(på grund af tilladelse fra kommunen).\r\nMan skal ikke føle sig for fin til at fixe/lappe hoppene når man er færdig med at køre på dem.\r\n\r\n<b>Bemærkninger:</b>\r\nDet er ikke værd at tage derud i vinterhalvåret, eller på regndage.\r\n\r\n<b>Andet:</b>\r\nLæg mærke til at hoppen faktisk kan ses på satelitbilledet.\r\n\r\nGo'' fornøjelse ', 16, 1168072887, 0, 9200, 'Nordjyllands', '9.816058874130249;56.997926232367845', 36, '1,13,60,67,81', '7.2'),
(23, 'Sauersplads (9Tuzz)', 'Centralt beliggende i 9Tuzz finder man Sauersplads. Der er tale om Aalborgs enste betonareal. \r\nSpottet er meget streetorienteret med bla.:    Quarters, banks i stor stil, wheeliecurbs, trapper(4trins, 7trins, doubleset) mm. \r\n\r\nGratis entre, altid god skik at rydde op efter sig.\r\n\r\nAddresse:  \r\nV/ Toldstrupgade\r\n9000 Aalborg\r\n\r\nHvis du finder politigården så brænder tampen)', 13, 1168074019, 0, 9000, 'Nordjyllands', '9.926984310150146;57.04354897585659', 15, '1,67', '7.5'),
(27, 'esbønderup sygehus', ' \r\n', 37, 1171832486, 0, 3230, 'Frederiksborg', '12.344770431518555;56.049776519071365', 5, '1', '5'),
(28, 'Esbjerg skatepark', ' Hallen i Esbjerg er en kompakt lille sag hvor man har klaret at få sindsygt mange ting og sager ind på vældig lidt plads. Hvis du befinder dig på vestkysten burde du absolut tage en tur forbi.\r\ndet skal dog lige nævnes at hallen nok alligevel ikke er designet til hverken BMX eller Store hjul.\r\nMen den kan godt bruges hvis man er i nærheden \r\n\r\nÅbningstider:\r\nMandag 13.00 - 19.00 \r\nTirsdag 13.00 - 19.00 \r\nOnsdag 13.00 - 19.00 \r\nTorsdag 13.00 - 19.00 \r\nFredag Lukket \r\nLørdag 11.00 - 17.00 \r\nSøndag Lukket\r\n\r\nPriser: Dagskort 35,- og halvårskort 400,-\r\n\r\nwww.esbjergrollerskate.dk \r\n\r\n\r\nBeliggenhed \r\nMurervej 9 6710 Esbjerg\r\n\r\n', 27, 1175329083, 0, 6710, 'Ribe', '8.414626121520996;55.50666637571246', 5, '1', '5'),
(25, 'Sofiendalsskolen i Haslev', '<b>Adresse:</b>\r\n4690 Haslev\r\nSofiendalsvej 42\r\n\r\n<b>Åbningstider:</b>\r\nDu springer bare over hejnet hvis døren er låst ;P\r\nDet er meningen kæden skal være der så de unge ikke kan få knallerterne derind..\r\n\r\nRigtig fin mini-rampe..', 16, 1168115831, 0, 4690, 'Vestsjællands', '11.972393989562988;55.330224663467106', 11, '1,45', '5.5'),
(29, 'Hullerne', ' \r\nDirt Jump med små og store linier.\r\n\r\nHusk at respektere det de lokale har lavet og ryd op efter dig selv.', 40, 1176227334, 0, 8800, 'Viborg', '9.434680938720703;56.43383801541221', 44, '2,1,60,67,74,81', '7.333333333'),
(30, 'Svenstrup Mini-rampe(9Tuzz)', ' \r\nHyggelig lille Mini-rampe til fri afbenyttelse, dog kun efter 21.00 i hverdagene og døgnet rundt i weekenderne. \r\nSjovt lille legetøj hvis man er i nærheden.\r\n\r\nRampen ligger ved Ungdomsklubben Højvangen ved Hellekisten i svenstrups nordvestlige hjørne...\r\n\r\nDa rampen tilhører ungdomsklubben må man ikke kommer her i klubbens åbningstider. Dette SKAL accepteres!!', 13, 1177082666, 0, 9230, 'Nordjyllands', '9.8292875289917;56.973418585634306', 13, '1,27', '6.5'),
(31, 'Fritidscenter Højvang (9tuzz)', '<b>Adresse:</b>\r\nHellekisten 241\r\n9230 Svenstrup J 9230\r\n\r\n<b>Tilgængelighed:</b>\r\nDet er tilladt at køre der Mandag til Fredag efter kl. 17.30 og lørdag, søndag hele dagen. Druk er ikke tilladt, da det er en komunal ungdomsklub.\r\n\r\n<b>Beskrivelse:</b>\r\nDer er en lille gennemknebbet box, quarter, lidt andet småt. Ellers har de bygget en ny minirampe i marts som er stadig ikke kørt til og den kan hellere ikke ses på kortet. Stedet er omringet af træer, så der er som regel ret vindstille.\r\n\r\n<b>Bemærkninger:</b>\r\nI øverste, højrne hjørne(nord/øst) er der ved at blive bygget trails. De første to er ved at være færdige, men skal stadig køres til. De er lovlige.\r\n\r\n<b>Andet:</b>\r\nDer er en vandhane bag busserne ved hallen.\r\n\r\n<b>Foto:</b>\r\nGeorge Poullo', 16, 1177106022, 0, 9230, 'Nordjyllands', '9.829695224761963;56.973585239488585', 24, '2,1,16', '8'),
(32, 'Trustrup Skatepark', 'Altid åben for bmx.\r\n\r\n<b>Åbningstider:</b>\r\nTorsdag - Fredag:\r\n18.30 - 22.00\r\n\r\nLørdag - Søndag:\r\n13.00 - 21.00\r\n\r\n<b>Priser:</b>\r\nÅrskort (under 18): 200,-\r\nÅrskort (over 18): 300,-\r\n\r\nDagsbillet (under 18): 20,-\r\nDagsbillet (over 18): 30,-\r\n\r\nDer er også muligt at købe hjelm.\r\n\r\n<b>Links:</b>\r\n<a href="http://trustrupskaterpark.dk/">http://trustrupskaterpark.dk/</a>', 1, 1177337950, 0, 8570, 'Århus', '', 5, '1', '5'),
(33, 'Hillerød Ramperne', 'Hillerød ramperne ligger bag Hillerød svømmehal (ved Frederiksborgcentret) lige ved fodboldklubben. Den ligger nok en 500 meter væk fra stationen, så det er lige til at tage til hvis man har adgang til et s-tog. \r\n\r\nRamperne er i ok kvalitet, og det nyeste der er kommet er deres vert. Den er ret fed og har en god hældning, den er god til at træne og lære airs på. \r\nDer er også et par street-obstacles og en box, som man fint kan køre i linje på. \r\n\r\nDer er næsten aldrig nogen på spottet, det hænder dog at nogen kommer efter skole og hænger ud i en time eller to. Men også om aftenerne op til weekend i sommerperioderne kommer folk også og hænger ud.\r\n\r\nDer er altid åbent og det er helt gratis.\r\n\r\nHvis man er typen der hurtigt keder sig på et spot er der også en lille svævebane samt en klatremur.\r\n\r\n<b>Adressen på svømmehallen:</b>\r\nMilnersvej 37\r\n3400 Hillerød', 1, 1177403195, 0, 3400, 'Frederiksborg', '12.304885983467102;55.920194380960005', 5, '1', '5'),
(34, 'Social og sundhedsskolen', 'Social og sundhedsskolen har en lille facede hvor der er kanter og sten som man kan hoppe på, og hoppe over. \r\n\r\nDer er ikke så meget at sige, det er et godt sted at træne lange bunnyhops.', 1, 1177404740, 0, 3400, 'Frederiksborg', '12.300996780395508;55.923179160585754', 9, '1,81', '4.5'),
(35, 'Helsinge ramperne', 'Helsinge ramperne er placeret overfor rådhuset. De er lidt slidte og der er ikke så meget. Der er et par street-obstacles. En quarterpipe og en sjov box.\r\nVurder selv :-).\r\n\r\nDe lokale hænger tid ud derude, jeg har aldrig set dem køre, men de sidder med deres skateboards, og nogle af dem tegner grafitti.\r\n\r\n<b>Åbningstider:</b>\r\nAltid.', 1, 1177405137, 0, 3200, 'Frederiksborg', '12.19732403755188;56.02071153444457', 5, '1', '5'),
(36, 'Åsen', 'DH bane ! med flere forskellige spor. Åbent døgnet rundt da det er i en skov !', 45, 1177423931, 0, 4600, 'Roskilde', '12.137832641601562;55.4536492970484', 10, '1,45', '5'),
(47, 'Bangsbo spottet', 'http://www.cykelgalleri.dk/html/alb_vis.asp?AlbumID=378 \r\n\r\nGamle billeder, der er kommet flere og større hop siden.', 66, 1191168990, 0, 9900, 'Nordjyllands', '10.50619125366211;57.41919149504504', 5, '1', '5'),
(38, 'X-hall', 'Dette er det ultimative sted hvis man kan li´bowls og bor i dk.\r\n\r\nDer er en lille bowl med hip og wallride.\r\n\r\nDer er en mellem bowl firkantet med spine over i den lille og med coner hips.\r\n\r\nDer er en stor bowl som går næsten til vert hvis ikke den er vert, der er et hjørne som går i over vert.\r\n\r\n\r\nÅbningstider... \r\n\r\nMandag-Fredag fra 14.00 til 21.00 \r\n\r\nLørdag og Søndag er der lukket. \r\n\r\nOg det er gratis. \r\n\r\n\r\n', 27, 1177447639, 0, 2400, 'Københavns', '12.5304114818573;55.695770864753825', 11, '1,27', '5.5'),
(39, 'Sorø street', 'Sorø er en lille by på små 20.000 indbyggere, men til min overaskelse var der faktisk flere gode spots gemt rundt omkring i byen lige da jeg flyttede hertil. Dem vil jeg nu vise frem.\r\n\r\nPå kortet vil jeg ikke bruge tid på at makere hvert enkelt spot, da de alle sammen ligger så tæt på hinanden, så makere bare sorø station. Men hvis du er interesseret i at komme og kører street i vores by, så skriv til mig i god tid på mail: bmxdanmark@gmail.com .. Så kan vi bare mødes, chille lidt, og kører spotsne sammen. Vi er kun 4 lokale bmxere, som absolut ikke har noget imod at der kommer lidt "frisk luft" udefra. Så kom og drik nogle øl med os! :D\r\n\r\nFoto: Jesper Olsen', 43, 1177584025, 0, 4180, 'Vestsjællands', '11.568818092346191;55.41917429394542', 14, '1,43', '7'),
(40, 'Louiseplads (9tuzz)', '<b>Belligenhed:</b>\r\nLouiseplads midt i danmarks gade.\r\n\r\n<b>Beskrivelse:</b>\r\nEt lille, hyggeligt streetspot med en del muligheder, hvis man ellers er kreativ.\r\n\r\n<b>Bemærkninger:</b>\r\nDer går rygter om at der er et psykopat som bor på den gade. Man siger at han jæger bmxere og andet godtfolk væk derfra med knive og kaster flasker efter dem.\r\n\r\n<b>Foto:</b>\r\nGeorge Poullo', 16, 1177585817, 0, 9000, 'Nordjyllands', '9.919511675834655;57.045075189807974', 10, '1,69,81', '3.333333333'),
(41, 'Hovedbibleoteket (9tuzz)', '\r\n<b>Belligenhed:</b>\r\nNord for Nordjyllands landsbibleotek.\r\n\r\n<b>Beskrivelse:</b>\r\nEt hyggeligt streetspot i centrum af Aalborg. Måske ikke det fedeste spot, men her er max hygge.\r\n\r\n<b>Tilgængelighed:</b>\r\nUkendt. Men der ingen skilt hvor der står at det er forbudt at køre der.\r\n\r\n<b>Bemærkninger:</b>\r\nIngen.\r\n\r\n<b>Foto:</b>\r\nGeorge Poullo', 16, 1177703957, 0, 9000, 'Nordjyllands', '9.928287863731384;57.047683907453', 5, '1', '5'),
(42, 'Kennedy Gappet (9tuzz)', '<b>Beskrivelse:</b>\r\nEt rimlig let og ligetil trappegap, i centrum af Aalbronx. Enhver Aalborgenser kender stedet.\r\n\r\n<b>Belligenhed:</b>\r\nMidt på Kennedypladsen, i hjertet af Aalborg. Foran Hovedbanegården og Kennedy Arkaden.\r\n\r\n<b>Tilgængelighed:</b>\r\nMindre begrænset. Der er altid mennesker der, men der er ikke forbudt at køre, ikke endnu. Jeg vil råde at tage derud flere ad gangen, med mindre i har lyst til at køre folk ned som er på vej op ad trappen.\r\n\r\n<b>Andet:</b>\r\nKennedy pladsen kan bruges til lidt street kørsel.\r\n\r\n<b>Foto:</b>\r\nGeorge Poullo', 16, 1177764110, 0, 9000, 'Nordjyllands', '9.918047189712524;57.043175437842486', 9, '1,81', '4.5'),
(43, 'Svenstrup station (9tuzz)', ' \r\n<b>Beskrivelse:</b>\r\nEneste Streetspot i svenstrup som er stort nok til at blive oprettet på siden. Her er lidt af hvert. forskellige slags paller, bænke, masser af løse kantsten, og meget meget mere. Ellers er der også et sand areal. Det er ikke særligt brugt, da den lokale kafe bruger det til vareindlevering.\r\n\r\n<b>Belligenhed:</b>\r\nStationen i svenstrup, ikke særligt svært at finde. ;-)\r\n\r\n<b>Tilgængelighed:</b>\r\nModerat. Frisøren kan ikke lide at nogen cykler omme bag ved hendes salon(men hey! De har jo lukket i weekenderne og efter kl. 18 på hverdage!), bag ved cafeen må man gerne køre, bare så længe man ikke generer nogen. På stationen må man også gerne køre.\r\n\r\n<b>Bemærkninger:</b>\r\nI må bruge alt som ligger bag cafeen og kan flyttes rundt. Bare lad være med at ødelægge pallerne og husk at lægge dem på plads igen(respect the locals!). For kantstenene gælder det samme.\r\n\r\n<b>Andet:</b>\r\nIntet\r\n\r\n<b>Foto:</b>\r\nGeorge Poullo', 16, 1177789782, 0, 9230, 'Nordjyllands', '9.855937957763671;56.97193913451711', 12, '1,16', '6'),
(44, 'Under broen (9tuzz)', 'Et lille sjovt wallride sted hvis man alligevel er i svenstrup. \r\n\r\ndet koster ikke noget at køre der.\r\n\r\nbeliggenhed:\r\nder hvor langdysen krydser oldstien.\r\nkig evt. kort ikke svært og finde.', 27, 1178134230, 0, 9230, 'Nordjyllands', '9.835596084594726;56.97105903789415', 15, '1,27', '7.5'),
(45, 'Minihuset', ' Minihuset er et lille gammelt værksted på Falkevej 13 i Viborg (Har placeret det lidt forkert på kortet). Stedet er fyldt helt ud med mini-rampe (kort bund og tight tranny, som en lille stram fisse ala wonderland, dog knap så stram) som er ca 7m lang dertil kommer en micro-rampe som er ca 2m lang. Minien har extension og microen han en subbox og forøvrigt gode wallride muligheder. I hver ende er en quarterpipe, en stor og en lille og sidst men ikke mindst en bank med lækkert pop. Vent jer dog, for i vi har gang bowl-projekt i den ene ende som gerne skulle stå færdig om et års tid.\r\n\r\nRutebeskrivelse: Fra bus og tog stationen, følger du Jernbane allè til rundkørslen, derfra igennem lyskrydset ved ringvejen ad Vesterbrogade. Falkevej er den første vej på venstre hånd efter lyskrydset. Minihuset ligger i enden (helt ud mod ringvejen) i den anden række af lange gule bygninger, ca 150m nede af Falkevej.\r\n\r\nVi har ingen åbningstider, så ring og aftal en tid (gerne en dags tid i forvejen) Så kommer vi og låser op \r\n\r\nMartin Skovgaard: 26245373\r\n\r\nPriser: Èndagsbillet 15kr\r\n           Medlemsskab 350kr/kvartal \r\n\r\n', 51, 1179062754, 0, 8800, 'Viborg', '9.38931941986084;56.44643542896403', 10, '1,51', '5'),
(46, 'Bowleren i Kolding', 'Spottet er bygget op som en pyramide i flere lag. Det ligger lige ved siden af resturanten Bones i Kolding.\r\n\r\nSuper fedt spot! Nogle gange er der mange skatere.\r\n', 26, 1184661505, 0, 6000, 'Vejle', '9.471244812011719;55.48827503786377', 15, '1,26', '7.5'),
(48, 'Hjallerup', 'Et lidt slidt spot, men det er okay og man kan sagtens få en eftermiddag til at gå med at hoppe lidt rundt der :)', 69, 1193002137, 0, 9320, 'Nordjyllands', '10.156173706054687;57.1656167607255', 22, '1,69,85', '7.333333333'),
(49, 'Hjørring', 'Street spot\r\nVed pakringspladsen på Bispensgade :) Man kan ikke undgå at se det.', 69, 1193003226, 0, 9800, 'Nordjyllands', '9.99556303024292;57.456347022351586', 21, '1,69,81', '7'),
(50, 'Skt. Anna Gade', 'Skatepark m. banks, minirampe,Quarter,rails m.', 82, 1213276361, 0, 8000, 'Århus', '10.197887420654296;56.14540605542292', 5, '1', '5'),
(51, 'Ungdommens Hus', 'Ungdommenshus \r\nNorgesgade 46a\r\n7000 Fredericia\r\nTel. 72 10 66 40\r\n\r\nUdendøresarial, så der er altid åben..\r\nLys på banen, når solen går ned..', 84, 1220290682, 0, 7000, 'Vejle', '9.751567840576171;55.56253666438404', 12, '1,84', '6');

-- --------------------------------------------------------

--
-- Table structure for table `bmx_spot_guide_entries`
--

CREATE TABLE IF NOT EXISTS `bmx_spot_guide_entries` (
  `id` int(11) NOT NULL auto_increment,
  `bmx_spot_id` int(11) NOT NULL,
  `text` longtext NOT NULL,
  `bmx_user_id` int(11) NOT NULL,
  `timestamp` int(11) NOT NULL,
  PRIMARY KEY  (`id`)
) ENGINE=MyISAM  DEFAULT CHARSET=utf8 AUTO_INCREMENT=33 ;

--
-- Dumping data for table `bmx_spot_guide_entries`
--

INSERT INTO `bmx_spot_guide_entries` (`id`, `bmx_spot_id`, `text`, `bmx_user_id`, `timestamp`) VALUES
(3, 1, '1aoeaoeaoe aosea o-es nao-esn aosena-sn ena-one -se ', 1, 123123123),
(4, 2, 'oeuoeuoeuoeueuoeuoeuo', 1, 1161311751),
(5, 2, 'Fuck det er fedt!', 1, 1162064942),
(6, 2, 'test', 1, 1167710010),
(7, 22, 'det skal lige tilføjes at farmerspottet altid tit bliver ændret. faktisk lige så tit som vi lyster her i 9Tuzz.. vi skal nok poste nye billeder når der sker noget nyt.', 27, 1168089619),
(8, 24, 'Tror mit tastertur lavet et flip der :S slet dette tak..\r\n\r\nPrøver lige igen :D', 31, 1168115247),
(9, 20, 'Der er en eller måske nogle der har forstand på skov tur :P', 31, 1168116124),
(10, 23, 'Rimlig fedt spot, med mange muligheder. Hvis man er kreativ nok til at udnytte dem.\r\nDer ligger en del træplader spredt rundt på banen og jordvolden er også sjov.\r\nSaurs bliver højst sansynligt revet ned til sommer, fordi komunen planlægger at bygge noget større og bedre et sted ved havnen. End til da ENJOY.', 16, 1168436750),
(11, 26, '', 33, 1169147920),
(12, 27, 'ja, hehe jeg kører ik bmx selv, men så nogle gutter på en hjemmeside der sagde det var et godt spot!:)', 37, 1171869597),
(13, 30, 'Sorry, jeg kom til at oprette det igen...\r\nMen håber i kan bruge mit info. Jeg bor trods alt lige ved siden af det.', 16, 1177107587),
(14, 22, 'Det lyder godt - det ser ud til at være et FEDT spot :)', 1, 1177274977),
(15, 22, 'Jeg har lige smidt to billeder in af den nyeste update på Farmerspottet. vi regner med at alle hoppene mere eller mindre skal have en opgradering i år:-D', 13, 1177480842),
(16, 20, 'Uh det ser sgu lækkert ud, har aldrig været der, men det skal da klart prøves..!', 13, 1177481510),
(17, 20, 'den er fed!!!!!', 49, 1177694742),
(18, 31, 'Den er nice!!!', 49, 1178049824),
(19, 30, 'sej!', 49, 1178049977),
(20, 45, '', 51, 1179063008),
(21, 45, 'Hvorfor den dumme kasse midt i det hele?', 16, 1179933366),
(22, 19, 'det kunne være nice med nogle billeder af skateparken :D', 53, 1180189551),
(23, 23, 'lad os håbe at kommunen bygger et godt sted til os, noget med bowl og kæmpe uramper .', 55, 1181996487),
(24, 39, 'lækkert street sted.', 55, 1181996553),
(25, 29, 'Det er så fedt og være i Hullerne!\r\n\r\n- Hoppene er smooth bygget, og der er det bedste flow!!\r\nthump''s´up til byggerne af det!', 60, 1184576303),
(26, 22, 'Det er Groet totalt til derude!!!!!\r\nvar derude igår, d. 15/7 der var der græs over''all!\r\ndet er synd !!\r\n', 60, 1184576358),
(27, 21, 'dejligt, dejligt sted. Stedet for alle, her er både plads til mtb og bmx.', 16, 1185784242),
(28, 21, 'Fed hal:D ', 67, 1192697712),
(29, 21, 'Anden billede..\r\n\r\nDet bbliver lavet om så den box i hjørnet bliver fjernet', 67, 1195826477),
(30, 49, 'shit det er fedt.', 74, 1203347815),
(31, 51, 'Gennem vinteren vil der blive sat nye plader på alle ramper, så det bliver meget bedere.. Samt der vil blive opsat en mini-vert (mine-rampe) Så der er mere at udfolde sig på..', 84, 1220290963),
(32, 21, 'hey, har været der ude et par gange, super nice sted!\r\nville høre folk om man kunne tillade sig at tage en dirtjump med derud?', 85, 1222428765);

-- --------------------------------------------------------

--
-- Table structure for table `bmx_spot_submissions`
--

CREATE TABLE IF NOT EXISTS `bmx_spot_submissions` (
  `id` int(11) NOT NULL auto_increment,
  `spotID` int(11) NOT NULL,
  `writer` int(11) NOT NULL,
  `submissiontitle` varchar(255) NOT NULL,
  `submission` text NOT NULL,
  `timestamp` int(11) NOT NULL,
  PRIMARY KEY  (`id`)
) ENGINE=MyISAM  DEFAULT CHARSET=utf8 AUTO_INCREMENT=37 ;

--
-- Dumping data for table `bmx_spot_submissions`
--

INSERT INTO `bmx_spot_submissions` (`id`, `spotID`, `writer`, `submissiontitle`, `submission`, `timestamp`) VALUES
(1, 33, 1, 'Hillerød Ramperne', 'Hillerød ramperne ligger bag Hillerød svømmehal (ved Frederiksborgcentret) lige ved fodboldklubben. Den ligger nok en 500 meter væk fra stationen, så det er lige til at tage til hvis man har adgang til et s-tog. \r\n\r\nRamperne er i ok kvalitet, og det nyeste der er kommet er deres vert. Den er ret fed og har en god hældning, den er god til at træne og lære airs på. \r\nDer er også et par street-obstacles og en box, som man fint kan køre i linje på. \r\n\r\nDer er næsten aldrig nogen på spottet, det hænder dog at nogen kommer efter skole og hænger ud i en time eller to. Men også om aftenerne op til weekend i sommerperioderne kommer folk også og hænger ud.\r\n\r\nDer er altid åbent og det er helt gratis.\r\n\r\nHvis man er typen der hurtigt keder sig på et spot er der også en lille svævebane samt en klatremur.\r\n\r\n<b>Adressen på svømmehallen:</b>\r\nMilnersvej 37\r\n3400 Hillerød', 1177404028),
(2, 32, 1, 'trustrup skate(r) park', ' \r\nAltid åben for bmx.\r\ntider priser m.m. kan ses på hjemmesiden!\r\n\r\n<b>Links:</b>\r\n<a href="http://trustrupskaterpark.dk/">http://trustrupskaterpark.dk/</a>', 1177408648),
(3, 32, 1, 'trustrup skate(r) park', 'Altid åben for bmx.\r\n\r\n<b>Åbningstider:</b>\r\nTorsdag - Fredag:\r\n18.30 - 22.00\r\n\r\nLørdag - Søndag:\r\n13.00 - 21.00\r\n\r\n<b>Priser:</b>\r\nÅrskort (under 18): 200,-\r\nÅrskort (over 18): 300,-\r\n\r\nDagsbillet (under 18): 20,-\r\nDagsbillet (over 18): 30,-\r\n\r\nDer er også muligt at købe hjelm.\r\n\r\n<b>Links:</b>\r\n<a href="http://trustrupskaterpark.dk/">http://trustrupskaterpark.dk/</a>', 1177408977),
(4, 32, 1, 'Trustrup Skatepark', 'Altid åben for bmx.\r\n\r\n<b>Åbningstider:</b>\r\nTorsdag - Fredag:\r\n18.30 - 22.00\r\n\r\nLørdag - Søndag:\r\n13.00 - 21.00\r\n\r\n<b>Priser:</b>\r\nÅrskort (under 18): 200,-\r\nÅrskort (over 18): 300,-\r\n\r\nDagsbillet (under 18): 20,-\r\nDagsbillet (over 18): 30,-\r\n\r\nDer er også muligt at købe hjelm.\r\n\r\n<b>Links:</b>\r\n<a href="http://trustrupskaterpark.dk/">http://trustrupskaterpark.dk/</a>', 1177409005),
(5, 21, 1, 'Vejgaard Skatehal (9Tuzz)', 'Vejgaard skatehal er en fantastisk kombination af glimrende ramper. I hallen er der blandt andet: Jumpbox, 2 Curbcuts med rails, Pyramide, masser af quarters deriblandt en quarterhip, 2 Subbox''s, wallride.\r\n\r\nUdover dette er der også et mindre udendørs streetareal, Minirampe med spine og wallride.\r\n\r\n<b>Addresse:</b>\r\nØster Sundbyvej 23\r\n9000 Aalborg\r\n\r\nBus nr 17(Saltumvej) holder lige udenfor hallen.\r\n\r\n<b>Åbningstider:</b>\r\nMan-Torsdag: 16.00 - 20.45\r\nLør-Søndag:  12.00 - 16.45\r\n\r\n<b>Priser:</b>\r\nEntre: 20 kr.\r\nMedlemskab: 95 kr. pr. md.\r\n\r\nKold ½ltr Coca Cola: 13 kr.\r\n\r\nFri afbenytning hygiejnisk toilet.', 1177411738),
(6, 10, 1, 'Olliestedet', 'Olliestedet, eller stalden som nogle kalder den for at finde et mindre neutralt ord, er en lille offentlig ejet hal på omkring 720 kvadrat meter. \r\n\r\nHallen er ejet af ungdomsskolen, og den ansvarlige for det er skateboarder hvilket hallen bærer temmelig meget præg af. Det er en skatehal, men hvis man vil køre i ly for vejret eller hvis man vil have en god session i en lille hal om sommeren. Gulvet er blankpoleret hvilket skaber et virkelig glat underlag.\r\n\r\nHallen består af en lille minirampe m. spine (ikke vist på billede), og en lidt større minirampe samt nogle street obsticals, en box og en pyramide.\r\n\r\nDet er helt gratis. Og der er toilet til fri afbenyttelse.\r\n\r\n<b>Transport</b>\r\nMed tog fra København tager man toget til Hillerød, og derfra toget mod Frederiksværk/Hundested og står af i Ølsted. Man krydser jernbaneoverskæringen og kører forbi brugsen og fortsætter op ad bakken til man kan se markerne, når de kommer slår man et smut til højre og følger vejen og ved skoven drejer man til højre og går ind i hallen.\r\n\r\nI bil kører man til Hillerød, for at køre mod Frederiksværk via. Hillerødvejen, ved Ølsted drejer man af, og følger vejen, man kommer forbi nogle marker, og ved slutningen af dem starter byen og lige der kører man til venstre, og ved den lille skov drejer man til højre, og så er man der.\r\n\r\n<b>Adresse</b>\r\nPræstebrovej 4\r\n3310 Ølsted\r\n\r\n<b>Åbningstider:</b>\r\nMandag til torsdag:\r\n13.00 - 21.00\r\n\r\nFredag:\r\n13.00 - 20.00 	 \r\n\r\nLørdag til Søndag:\r\n10.00 - 20.00\r\n\r\n<b>Links:</b>\r\n<a href="http://www.frvbibl.dk/Turguide/Aktiviteter/olliestedet.htm">http://www.frvbibl.dk</a> - Bibliotekets side med information.\r\n<a href="http://www.olliestedet.dk">http://www.olliestedet.dk</a> - Olliestedets hjemmeside', 1177411797),
(7, 36, 45, 'Åsen', 'Der er delvis kun XC ruter men der findes også nogle små DH spor der ude\r\n\r\nmen ellers et sted med mange bakker også', 1177424062),
(8, 37, 43, 'Roskilde skate-park', 'hehe, ehm.. Friland for helvede, spottet er allerede tilføjet :D\r\n\r\nKawsper(admin): Slette? :p\r\n\r\nBuhja!', 1177484027),
(9, 12, 1, 'Sønderborg Skaterhal', ' \r\nSønderborg skateklub\r\nSkatehallen\r\nKongevej 49 A\r\n6400 Sønderborg\r\nTelefon 7442 4275\r\nMobil : 2259 7945\r\nEmail skatehal: sdbg@skatehal.dk\r\n\r\n<b>Åbningstider:</b>\r\nAlle hverdage (Undtagens Fredag og Søndag)\r\n14.00 - 22.00\r\n\r\n<b>Priser:</b>\r\nIkke medlem: 35 kr.\r\nMedlem (pr. kvartal): 300 kr. \r\n\r\n<b>Hjemmeside:</b>\r\n<a href="http://skatehal.dk/">http://skatehal.dk/</a>', 1177499016),
(10, 40, 16, 'Luisgade', 'Belligenhed: Luisgade - Bag ved teateret.\r\n\r\n\r\nBeskrivelse: Et lille, hyggeligt streetspot med en del muligheder, hvis man ellers er kreativ.\r\n\r\n\r\nBemærkninger: Der går rygter om at der er et psykopat som bor på den gade. Man siger at han jæger bmxere og andet godtfolk væk derfra med knive og kaster flasker efter dem.', 1177703361),
(11, 40, 16, 'Luisgade (9tuzz)', 'Belligenhed: Luisgade - Bag ved teateret.\r\n\r\n\r\nBeskrivelse: Et lille, hyggeligt streetspot med en del muligheder, hvis man ellers er kreativ.\r\n\r\n\r\nBemærkninger: Der går rygter om at der er et psykopat som bor på den gade. Man siger at han jæger bmxere og andet godtfolk væk derfra med knive og kaster flasker efter dem.', 1177703515),
(12, 41, 16, 'Hovedbibleoteket (9tuzz)', 'Belligenhed: Nord for Nordjyllands landsbibleotek.\r\n\r\nBeskrivelse: Et hyggeligt streetspot i centrum af Aalborg. Måske ikke det fedeste spot, men her er max hygge.\r\n\r\nTilgængelighed: Ukendt. Men der ingen skilt hvor der står at det er forbudt at køre der.\r\n\r\nBemærkninger: ingen.', 1177704907),
(13, 31, 16, 'Fritidscenter Højvang (9tuzz)', 'Adresse: Hellekisten 241, 9230 Svenstrup J\r\n\r\nTilgængelighed: Dem som ikke er medlemmer i Klubben, kan køre der Mandag, Fredag efter kl. 18 og lørdag, søndag hele dagen. Medlemmer af klubben kan køre der når de har lyst, dette koster 120 kr. i halvt år. Tilgengæld vil der være mulighed for køb af bl.a. sodavand og sandwich i klubbens cafe. Druk er ikke tilladt, da det er en komunal ungdomsklub.\r\n\r\nBeskrivelse: Der er en lille gennemknebbet box, quarter, lidt andet småt. Ellers har de bygget en ny rampe i marts som er stadig ikke kørt til og den kan hellere ikke ses på kortet.\r\n\r\nBemærkninger: I øverste, hjørne hjørne bliver der snart bygget et dirtbane.\r\n\r\nAndet: Der er også andre små spots rundt omkring i Svenstrup. skriv til mig på yeknomyrgna@hotmail.com hvis i vil have en rundtur.', 1177769728),
(14, 39, 43, 'Sorø street', 'Sorø er en lille by på små 20.000 indbyggere, men til min overaskelse var der faktisk flere gode spots gemt rundt omkring i byen lige da jeg flyttede hertil. Dem vil jeg nu vise frem.\r\n\r\nPå kortet vil jeg ikke bruge tid på at makere hvert enkelt spot, da de alle sammen ligger så tæt på hinanden, så makere bare sorø station. Men hvis du er interesseret i at komme og kører street i vores by, så skriv til mig i god tid på mail: bmxdanmark@gmail.com .. Så kan vi bare mødes, chille lidt, og kører spotsne sammen. Vi er kun 4 lokale bmxere, som absolut ikke har noget imod at der kommer lidt "frisk luft" udefra. Så kom og drik nogle øl med os! :D\r\n\r\nFoto: Jesper Olsen', 1177923208),
(15, 40, 27, 'Luisgade (9tuzz)', 'Belligenhed: Louiseplads midt i danmarks gade.\r\n\r\n\r\nBeskrivelse: Et lille, hyggeligt streetspot med en del muligheder, hvis man ellers er kreativ.\r\n\r\n\r\nBemærkninger: Der går rygter om at der er et psykopat som bor på den gade. Man siger at han jæger bmxere og andet godtfolk væk derfra med knive og kaster flasker efter dem.\r\n', 1178026035),
(16, 40, 27, 'Louiseplads (9tuzz)', 'Belligenhed: Louiseplads midt i danmarks gade.\r\n\r\n\r\nBeskrivelse: Et lille, hyggeligt streetspot med en del muligheder, hvis man ellers er kreativ.\r\n\r\n\r\nBemærkninger: Der går rygter om at der er et psykopat som bor på den gade. Man siger at han jæger bmxere og andet godtfolk væk derfra med knive og kaster flasker efter dem.\r\n', 1178135242),
(17, 44, 27, 'Under broen (9tuzz)', 'Et lille sjovt wallride sted hvis man alligevel er i svenstrup. \r\n\r\ndet koster ikke noget at køre der.\r\n\r\nbeliggenhed:\r\nder hvor langdysen krydser oldstien.\r\nkig evt. kort ikke svært og finde.', 1178199941),
(18, 45, 51, 'Minihuset', ' Minihuset er et lille gammelt værksted på Falkevej 13 i Viborg. Stedet er fyldt helt ud med mini-rampe (kort bund og tight tranny, som en lille stram fisse ala wonderland, dog knap så stram) som er ca 7m lang dertil kommer en micro-rampe som er ca 2m lang. Minien har extension og microen han en subbox og forøvrigt gode wallride muligheder. I hver ende er en quarterpipe, en stor og en lille og sidst men ikke mindst en bank med lækkert pop. Vent jer dog, for i vi har gang bowl-projekt i den ene ende som gerne skulle stå færdig om et års tid.\r\n\r\nRutebeskrivelse: Fra bus og tog stationen, følger du Jernbane allè til rundkørslen, derfra igennem lyskrydset ved ringvejen ad Vesterbrogade. Falkevej er den første vej på venstre hånd efter lyskrydset. Minihuset ligger i enden (helt ud mod ringvejen) i den anden række af lange gule bygninger, ca 150m nede af Falkevej.\r\n\r\nVi har ingen åbningstider, så ring og aftal en tid (gerne en dags tid i forvejen) Så kommer vi og låser op \r\n\r\nMartin Skovgaard: 26245373\r\n\r\nPriser: Èndagsbillet 15kr\r\n           Medlemsskab 350kr/kvartal \r\n\r\n', 1179063046),
(19, 45, 51, 'Minihuset', ' Minihuset er et lille gammelt værksted på Falkevej 13 i Viborg (Har placeret det lidt forkert på kortet). Stedet er fyldt helt ud med mini-rampe (kort bund og tight tranny, som en lille stram fisse ala wonderland, dog knap så stram) som er ca 7m lang dertil kommer en micro-rampe som er ca 2m lang. Minien har extension og microen han en subbox og forøvrigt gode wallride muligheder. I hver ende er en quarterpipe, en stor og en lille og sidst men ikke mindst en bank med lækkert pop. Vent jer dog, for i vi har gang bowl-projekt i den ene ende som gerne skulle stå færdig om et års tid.\r\n\r\nRutebeskrivelse: Fra bus og tog stationen, følger du Jernbane allè til rundkørslen, derfra igennem lyskrydset ved ringvejen ad Vesterbrogade. Falkevej er den første vej på venstre hånd efter lyskrydset. Minihuset ligger i enden (helt ud mod ringvejen) i den anden række af lange gule bygninger, ca 150m nede af Falkevej.\r\n\r\nVi har ingen åbningstider, så ring og aftal en tid (gerne en dags tid i forvejen) Så kommer vi og låser op \r\n\r\nMartin Skovgaard: 26245373\r\n\r\nPriser: Èndagsbillet 15kr\r\n           Medlemsskab 350kr/kvartal \r\n\r\n', 1179064078),
(20, 31, 16, 'Fritidscenter Højvang (9tuzz)', 'Adresse: Hellekisten 241, 9230 Svenstrup J\r\n\r\nTilgængelighed: Dem som ikke er medlemmer i Klubben, kan køre der Mandag, Fredag efter kl. 18 og lørdag, søndag hele dagen. Medlemmer af klubben kan køre der når de har lyst, dette koster 120 kr. i halvt år. Tilgengæld vil der være mulighed for køb af bl.a. sodavand og sandwich i klubbens cafe. Druk er ikke tilladt, da det er en komunal ungdomsklub.\r\n\r\nBeskrivelse: Der er en lille gennemknebbet box, quarter, lidt andet småt. Ellers har de bygget en ny rampe i marts som er stadig ikke kørt til og den kan hellere ikke ses på kortet.\r\n\r\nBemærkninger: I øverste, højrne hjørne(nord/øst) er der ved at blive bygget trails.\r\n\r\nAndet: intet.', 1179139180),
(21, 31, 16, 'Fritidscenter Højvang (9tuzz)', 'Adresse: Hellekisten 241, 9230 Svenstrup J\r\n\r\nTilgængelighed: Dem som ikke er medlemmer i Klubben, kan køre der Mandag, Fredag efter kl. 18 og lørdag, søndag hele dagen. Medlemmer af klubben kan køre der når de har lyst, dette koster 120 kr. i halvt år. Tilgengæld vil der være mulighed for køb af bl.a. sodavand og sandwich i klubbens cafe. Druk er ikke tilladt, da det er en komunal ungdomsklub.\r\n\r\nBeskrivelse: Der er en lille gennemknebbet box, quarter, lidt andet småt. Ellers har de bygget en ny minirampe i marts som er stadig ikke kørt til og den kan hellere ikke ses på kortet. Stedet er omringet af træer, så der er som regel ret vindstille.\r\n\r\nBemærkninger: I øverste, højrne hjørne(nord/øst) er der ved at blive bygget trails.\r\n\r\nAndet: intet.', 1179139371),
(22, 31, 16, 'Fritidscenter Højvang (9tuzz)', '<b>Adresse:</b> Hellekisten 241, 9230 Svenstrup J 9230\r\n\r\n<b>Tilgængelighed:</b> Dem som ikke er medlemmer i Klubben, kan køre der Mandag, Fredag efter kl. 18 og lørdag, søndag hele dagen. Medlemmer af klubben kan køre der når de har lyst, dette koster 120 kr. i halvt år. Tilgengæld vil der være mulighed for køb af bl.a. sodavand og sandwich i klubbens cafe. Druk er ikke tilladt, da det er en komunal ungdomsklub.\r\n\r\n<b>Beskrivelse:</b> Der er en lille gennemknebbet box, quarter, lidt andet småt. Ellers har de bygget en ny minirampe i marts som er stadig ikke kørt til og den kan hellere ikke ses på kortet. Stedet er omringet af træer, så der er som regel ret vindstille.\r\n\r\n<b>Bemærkninger:</b> I øverste, højrne hjørne(nord/øst) er der ved at blive bygget trails.\r\n\r\n<b>Andet:</b> intet.\r\n\r\n<b>Foto:</b> George Poullo', 1179139503),
(23, 31, 16, 'Fritidscenter Højvang (9tuzz)', '<b>Adresse:</b>\r\nHellekisten 241\r\n9230 Svenstrup J 9230\r\n\r\n<b>Tilgængelighed:</b>\r\nDem som ikke er medlemmer i Klubben, kan køre der Mandag, Fredag efter kl. 18 og lørdag, søndag hele dagen. Medlemmer af klubben kan køre der når de har lyst, dette koster 120 kr. i halvt år. Tilgengæld vil der være mulighed for køb af bl.a. sodavand og sandwich i klubbens cafe. Druk er ikke tilladt, da det er en komunal ungdomsklub.\r\n\r\n<b>Beskrivelse:</b>\r\nDer er en lille gennemknebbet box, quarter, lidt andet småt. Ellers har de bygget en ny minirampe i marts som er stadig ikke kørt til og den kan hellere ikke ses på kortet. Stedet er omringet af træer, så der er som regel ret vindstille.\r\n\r\n<b>Bemærkninger:</b>\r\nI øverste, højrne hjørne(nord/øst) er der ved at blive bygget trails.\r\n\r\n<b>Andet:</b>\r\nIntet.\r\n\r\n<b>Foto:</b>\r\nGeorge Poullo', 1179139554),
(24, 22, 16, 'Farmerspottet (9Tuzz)', 'Farmerspottet er vores lille dirtspot belligende ca. 10 km fra Aalborg.\r\n\r\n<b>Addresse:</b> \r\nGrøndalsvej(for enden af vejen, bag bommen)\r\n9200 Frejlev\r\n\r\n<b>Beskrivelse:</b>\r\nSpottet er åben for alle der kan finde ud af at opføre sig ordentligt OG RYDDE OP EFTER SIG(på grund af tilladelse fra kommunen).\r\nMan skal ikke føle sig for fin til at fixe/lappe hoppene når man er færdig med at køre på dem.\r\n\r\n<b>Bemærkninger:</b>\r\nDet er ikke værd at tage derud i vinterhalvåret, eller på regndage.\r\n\r\n<b>Andet:</b>\r\nLæg mærke til at hoppen faktisk kan ses på satelitbilledet.\r\n\r\nGo'' fornøjelse ', 1179139717),
(25, 43, 16, 'Svenstrup station (9tuzz)', ' \r\n<b>Beskrivelse:</b>\r\nEneste Streetspot i svenstrup som er stort nok til at blive oprettet på siden. Her er lidt af hvert. forskellige slags paller, bænke, masser af løse kantsten, og meget meget mere. Ellers er der også et sand areal. Det er ikke særligt brugt, da den lokale kafe bruger det til vareindlevering.\r\n\r\n<b>Belligenhed:</b>\r\nStationen i svenstrup, ikke særligt svært at finde. ;-)\r\n\r\n<b>Tilgængelighed:</b>\r\nModerat. Frisøren kan ikke lide at nogen cykler omme bag ved hendes salon(men hey! De har jo lukket i weekenderne og efter kl. 18 på hverdage!), bag ved cafeen må man gerne køre, bare så længe man ikke generer nogen. På stationen må man også gerne køre.\r\n\r\n<b>Bemærkninger:</b>\r\nI må bruge alt som ligger bag cafeen og kan flyttes rundt. Bare lad være med at ødelægge pallerne og husk at lægge dem på plads igen(respect the locals!). For kantstenene gælder det samme.\r\n\r\n<b>Andet:</b>\r\nIntet\r\n\r\n<b>Foto:</b>\r\nGeorge Poullo', 1179139825),
(26, 41, 16, 'Hovedbibleoteket (9tuzz)', '\r\n<b>Belligenhed:</b>\r\nNord for Nordjyllands landsbibleotek.\r\n\r\n<b>Beskrivelse:</b>\r\nEt hyggeligt streetspot i centrum af Aalborg. Måske ikke det fedeste spot, men her er max hygge.\r\n\r\n<b>Tilgængelighed:</b>\r\nUkendt. Men der ingen skilt hvor der står at det er forbudt at køre der.\r\n\r\n<b>Bemærkninger:</b>\r\nIngen.\r\n\r\n<b>Foto:</b>\r\nGeorge Poullo', 1179147846),
(27, 40, 16, 'Louiseplads (9tuzz)', '\r\n<b>Belligenhed:</b>\r\nLouiseplads midt i danmarks gade.\r\n\r\n<b>Beskrivelse:</b>\r\nEt lille, hyggeligt streetspot med en del muligheder, hvis man ellers er kreativ.\r\n\r\n<b>Bemærkninger:</b>\r\nDer går rygter om at der er et psykopat som bor på den gade. Man siger at han jæger bmxere og andet godtfolk væk derfra med knive og kaster flasker efter dem.', 1179147937),
(28, 40, 16, 'Louiseplads (9tuzz)', '<b>Belligenhed:</b>\r\nLouiseplads midt i danmarks gade.\r\n\r\n<b>Beskrivelse:</b>\r\nEt lille, hyggeligt streetspot med en del muligheder, hvis man ellers er kreativ.\r\n\r\n<b>Bemærkninger:</b>\r\nDer går rygter om at der er et psykopat som bor på den gade. Man siger at han jæger bmxere og andet godtfolk væk derfra med knive og kaster flasker efter dem.\r\n\r\n<b>Foto:</b>\r\nGeorge Poullo', 1179147969),
(29, 42, 16, 'Kennedy Gappet (9tuzz)', '<b>Beskrivelse:</b>\r\nEt rimlig let og ligetil trappegap, i centrum af Aalbronx. Enhver Aalborgenser kender stedet.\r\n\r\n<b>Belligenhed:</b>\r\nMidt på Kennedypladsen, i hjertet af Aalborg. Foran Hovedbanegården og Kennedy Arkaden.\r\n\r\n<b>Tilgængelighed:</b>\r\nMindre begrænset. Der er altid mennesker der, men der er ikke forbudt at køre, ikke endnu. Jeg vil råde at tage derud flere ad gangen, med mindre i har lyst til at køre folk ned som er på vej op ad trappen.\r\n\r\n<b>Andet:</b>\r\nKennedy pladsen kan bruges til lidt street kørsel.\r\n\r\n<b>Foto:</b>\r\nGeorge Poullo', 1179148815),
(30, 25, 16, 'Sofiendalsskolen i Haslev', '<b>Adresse:</b>\r\n4690 Haslev\r\nSofiendalsvej 42\r\n\r\n<b>Åbningstider:</b>\r\nDu springer bare over hejnet hvis døren er låst ;P\r\nDet er meningen kæden skal være der så de unge ikke kan få knallerterne derind..\r\n\r\nRigtig fin mini-rampe..', 1179149022),
(31, 31, 16, 'Fritidscenter Højvang (9tuzz)', '<b>Adresse:</b>\r\nHellekisten 241\r\n9230 Svenstrup J 9230\r\n\r\n<b>Tilgængelighed:</b>\r\nDem som ikke er medlemmer i Klubben, kan køre der Mandag, Fredag efter kl. 18 og lørdag, søndag hele dagen. Medlemmer af klubben kan køre der når de har lyst, dette koster 120 kr. i halvt år. Tilgengæld vil der være mulighed for køb af bl.a. sodavand og sandwich i klubbens cafe. Druk er ikke tilladt, da det er en komunal ungdomsklub.\r\n\r\n<b>Beskrivelse:</b>\r\nDer er en lille gennemknebbet box, quarter, lidt andet småt. Ellers har de bygget en ny minirampe i marts som er stadig ikke kørt til og den kan hellere ikke ses på kortet. Stedet er omringet af træer, så der er som regel ret vindstille.\r\n\r\n<b>Bemærkninger:</b>\r\nI øverste, højrne hjørne(nord/øst) er der ved at blive bygget trails. De første to er ved at være færdige, men skal stadig køres til. De er lovlige.\r\n\r\n<b>Andet:</b>\r\nIntet.\r\n\r\n<b>Foto:</b>\r\nGeorge Poullo', 1179813029),
(32, 31, 16, 'Fritidscenter Højvang (9tuzz)', '<b>Adresse:</b>\r\nHellekisten 241\r\n9230 Svenstrup J 9230\r\n\r\n<b>Tilgængelighed:</b>\r\nDem som ikke er medlemmer i Klubben, kan køre der Mandag, Fredag efter kl. 18 og lørdag, søndag hele dagen. Medlemmer af klubben kan køre der når de har lyst, dette koster 120 kr. i halvt år. Tilgengæld vil der være mulighed for køb af bl.a. sodavand og sandwich i klubbens cafe. Druk er ikke tilladt, da det er en komunal ungdomsklub.\r\n\r\n<b>Beskrivelse:</b>\r\nDer er en lille gennemknebbet box, quarter, lidt andet småt. Ellers har de bygget en ny minirampe i marts som er stadig ikke kørt til og den kan hellere ikke ses på kortet. Stedet er omringet af træer, så der er som regel ret vindstille.\r\n\r\n<b>Bemærkninger:</b>\r\nI øverste, højrne hjørne(nord/øst) er der ved at blive bygget trails. De første to er ved at være færdige, men skal stadig køres til. De er lovlige.\r\n\r\n<b>Andet:</b>\r\nIntet.\r\n\r\n<b>Foto:</b>\r\nGeorge Poullo', 1181989176),
(33, 36, 45, 'Åsen', 'DH bane ! med flere forskellige spor. Åbent døgnet rundt da det er i en skov !', 1186681072),
(34, 31, 16, 'Fritidscenter Højvang (9tuzz)', '<b>Adresse:</b>\r\nHellekisten 241\r\n9230 Svenstrup J 9230\r\n\r\n<b>Tilgængelighed:</b>\r\nDem som ikke er medlemmer i Klubben, kan køre der Mandag, Fredag efter kl. 18 og lørdag, søndag hele dagen. Medlemmer af klubben kan køre der når de har lyst, dette koster 120 kr. i halvt år. Tilgengæld vil der være mulighed for køb af bl.a. sodavand og sandwich i klubbens cafe. Druk er ikke tilladt, da det er en komunal ungdomsklub.\r\n\r\n<b>Beskrivelse:</b>\r\nDer er en lille gennemknebbet box, quarter, lidt andet småt. Ellers har de bygget en ny minirampe i marts som er stadig ikke kørt til og den kan hellere ikke ses på kortet. Stedet er omringet af træer, så der er som regel ret vindstille.\r\n\r\n<b>Bemærkninger:</b>\r\nI øverste, højrne hjørne(nord/øst) er der ved at blive bygget trails. De første to er ved at være færdige, men skal stadig køres til. De er lovlige.\r\n\r\n<b>Andet:</b>\r\nDer er en vandhane bag busserne ved hallen.\r\n\r\n<b>Foto:</b>\r\nGeorge Poullo', 1193342156),
(35, 31, 16, 'Fritidscenter Højvang (9tuzz)', '<b>Adresse:</b>\r\nHellekisten 241\r\n9230 Svenstrup J 9230\r\n\r\n<b>Tilgængelighed:</b>\r\nDet er tilladt at køre der Mandag til Fredag efter kl. 17.30 og lørdag, søndag hele dagen. Druk er ikke tilladt, da det er en komunal ungdomsklub.\r\n\r\n<b>Beskrivelse:</b>\r\nDer er en lille gennemknebbet box, quarter, lidt andet småt. Ellers har de bygget en ny minirampe i marts som er stadig ikke kørt til og den kan hellere ikke ses på kortet. Stedet er omringet af træer, så der er som regel ret vindstille.\r\n\r\n<b>Bemærkninger:</b>\r\nI øverste, højrne hjørne(nord/øst) er der ved at blive bygget trails. De første to er ved at være færdige, men skal stadig køres til. De er lovlige.\r\n\r\n<b>Andet:</b>\r\nDer er en vandhane bag busserne ved hallen.\r\n\r\n<b>Foto:</b>\r\nGeorge Poullo', 1193342519),
(36, 21, 67, 'Vejgaard Skatehal (9Tuzz)', 'Vejgaard skatehal er en fantastisk kombination af glimrende ramper. I hallen er der blandt andet: Jumpbox, 2 Curbcuts med rails, Pyramide, masser af quarters deriblandt en quarterhip, 2 Subbox''s, wallride.\r\n\r\nUdover dette er der også et mindre udendørs streetareal, Minirampe med spine og wallride.\r\n\r\n<b>Addresse:</b>\r\nØster Sundbyvej 23\r\n9000 Aalborg\r\n\r\nBus nr 17(Saltumvej) holder lige udenfor hallen.\r\n\r\n<b>Åbningstider:</b>\r\nMan-Torsdag: 16.00 - 20.45\r\nLør-Søndag:  12.00 - 16.45\r\n\r\n<b>Priser:</b>\r\nEntre: 20 kr.\r\nMedlemskab: 95 kr. pr. md.\r\n\r\nKold ½ltr Coca Cola: 14 kr.\r\n\r\nFri afbenytning hygiejnisk toilet.', 1205417801);

-- --------------------------------------------------------

--
-- Table structure for table `bmx_user`
--

CREATE TABLE IF NOT EXISTS `bmx_user` (
  `id` int(11) NOT NULL auto_increment,
  `username` varchar(20) NOT NULL,
  `password` varchar(60) NOT NULL,
  `email` varchar(60) NOT NULL,
  `fornavn` varchar(60) NOT NULL,
  `foedselsdato` date NOT NULL,
  `postnummer` int(4) NOT NULL,
  `creatingdate` int(20) NOT NULL,
  `last_online` int(20) NOT NULL,
  PRIMARY KEY  (`id`)
) ENGINE=MyISAM  DEFAULT CHARSET=utf8 AUTO_INCREMENT=86 ;

--
-- Dumping data for table `bmx_user`
--

INSERT INTO `bmx_user` (`id`, `username`, `password`, `email`, `fornavn`, `foedselsdato`, `postnummer`, `creatingdate`, `last_online`) VALUES
(1, 'kawsper', 'd0be2dc421be4fcd0172e5afceea3970e2f3d940', 'mail@Behindbars.dk', 'Kasper K. Grubbe', '1988-08-28', 3300, 0, 0),
(10, 'Degn', 'd0be2dc421be4fcd0172e5afceea3970e2f3d940', 'mail@Behindbars.dk', '', '2008-10-07', 0, 0, 0),
(11, 'Bonde', 'd0be2dc421be4fcd0172e5afceea3970e2f3d940', 'mail@Behindbars.dk', '', '2008-10-07', 0, 0, 0),
(8, 'Tim', 'd0be2dc421be4fcd0172e5afceea3970e2f3d940', 'mail@Behindbars.dk', '', '2008-01-01', 0, 0, 0),
(12, 'aasmul', 'd0be2dc421be4fcd0172e5afceea3970e2f3d940', 'mail@Behindbars.dk', '', '2008-04-08', 0, 0, 0),
(13, 'moizzle86', 'd0be2dc421be4fcd0172e5afceea3970e2f3d940', 'mail@Behindbars.dk', '', '0000-00-00', 0, 0, 0),
(14, 'San', 'd0be2dc421be4fcd0172e5afceea3970e2f3d940', 'mail@Behindbars.dk', '', '0000-00-00', 0, 0, 0),
(15, 'MR-banshee', 'd0be2dc421be4fcd0172e5afceea3970e2f3d940', 'mail@Behindbars.dk', '', '0000-00-00', 0, 0, 0),
(16, 'George', 'd0be2dc421be4fcd0172e5afceea3970e2f3d940', 'mail@Behindbars.dk', '', '0000-00-00', 0, 0, 0),
(17, 'Fox', 'd0be2dc421be4fcd0172e5afceea3970e2f3d940', 'mail@Behindbars.dk', '', '0000-00-00', 0, 0, 0),
(18, 'Asp', 'd0be2dc421be4fcd0172e5afceea3970e2f3d940', 'mail@Behindbars.dk', '', '0000-00-00', 0, 0, 0),
(19, 'Rolfing', 'd0be2dc421be4fcd0172e5afceea3970e2f3d940', 'mail@Behindbars.dk', '', '0000-00-00', 0, 0, 0),
(20, 'nollerholder', 'd0be2dc421be4fcd0172e5afceea3970e2f3d940', 'mail@Behindbars.dk', '', '0000-00-00', 0, 0, 0),
(21, 'mikkel', 'd0be2dc421be4fcd0172e5afceea3970e2f3d940', 'mail@Behindbars.dk', '', '0000-00-00', 0, 0, 0),
(22, 'Randivark', 'd0be2dc421be4fcd0172e5afceea3970e2f3d940', 'mail@Behindbars.dk', '', '0000-00-00', 0, 0, 0),
(23, 'Anders_H', 'd0be2dc421be4fcd0172e5afceea3970e2f3d940', 'mail@Behindbars.dk', '', '0000-00-00', 0, 0, 0),
(24, 'ankjer', 'd0be2dc421be4fcd0172e5afceea3970e2f3d940', 'mail@Behindbars.dk', '', '0000-00-00', 0, 0, 0),
(25, 'Gummi', 'd0be2dc421be4fcd0172e5afceea3970e2f3d940', 'mail@Behindbars.dk', '', '0000-00-00', 0, 0, 0),
(26, 'kristianwagner', 'd0be2dc421be4fcd0172e5afceea3970e2f3d940', 'mail@Behindbars.dk', '', '0000-00-00', 0, 0, 0),
(27, 'bmxkillar', 'd0be2dc421be4fcd0172e5afceea3970e2f3d940', 'mail@Behindbars.dk', '', '0000-00-00', 0, 0, 0),
(28, 'Mikstar', 'd0be2dc421be4fcd0172e5afceea3970e2f3d940', 'mail@Behindbars.dk', '', '0000-00-00', 0, 0, 0),
(29, 'MartinPstreet', 'd0be2dc421be4fcd0172e5afceea3970e2f3d940', 'mail@Behindbars.dk', '', '0000-00-00', 0, 0, 0),
(30, 'Jenned', 'd0be2dc421be4fcd0172e5afceea3970e2f3d940', 'mail@Behindbars.dk', '', '0000-00-00', 0, 0, 0),
(31, 'ZpiX', 'd0be2dc421be4fcd0172e5afceea3970e2f3d940', 'mail@Behindbars.dk', '', '0000-00-00', 0, 0, 0),
(32, 'Aberen', 'd0be2dc421be4fcd0172e5afceea3970e2f3d940', 'mail@Behindbars.dk', '', '0000-00-00', 0, 0, 0),
(33, 'sumophoto', 'd0be2dc421be4fcd0172e5afceea3970e2f3d940', 'mail@Behindbars.dk', '', '0000-00-00', 0, 0, 0),
(34, 'Claus', 'd0be2dc421be4fcd0172e5afceea3970e2f3d940', 'mail@Behindbars.dk', '', '0000-00-00', 0, 0, 0),
(35, 'JacobmedC', 'd0be2dc421be4fcd0172e5afceea3970e2f3d940', 'mail@Behindbars.dk', '', '0000-00-00', 0, 0, 0),
(36, 'Chralle-DirtJumper', 'd0be2dc421be4fcd0172e5afceea3970e2f3d940', 'mail@Behindbars.dk', '', '0000-00-00', 0, 0, 0),
(37, 'katharina', 'd0be2dc421be4fcd0172e5afceea3970e2f3d940', 'mail@Behindbars.dk', '', '0000-00-00', 0, 0, 0),
(38, 'thefaroe', 'd0be2dc421be4fcd0172e5afceea3970e2f3d940', 'mail@Behindbars.dk', '', '0000-00-00', 0, 0, 0),
(39, 'kawasaki', 'd0be2dc421be4fcd0172e5afceea3970e2f3d940', 'mail@Behindbars.dk', '', '0000-00-00', 0, 0, 0),
(40, 'jakobsen', 'd0be2dc421be4fcd0172e5afceea3970e2f3d940', 'mail@Behindbars.dk', '', '0000-00-00', 0, 0, 0),
(41, 'KimJensen', 'd0be2dc421be4fcd0172e5afceea3970e2f3d940', 'mail@Behindbars.dk', '', '0000-00-00', 0, 0, 0),
(42, 'hejsahejsa', 'd0be2dc421be4fcd0172e5afceea3970e2f3d940', 'mail@Behindbars.dk', '', '0000-00-00', 0, 0, 0),
(43, 'Jesper_Olsen', 'd0be2dc421be4fcd0172e5afceea3970e2f3d940', 'mail@Behindbars.dk', '', '0000-00-00', 0, 0, 0),
(44, 'racer_rasser', 'd0be2dc421be4fcd0172e5afceea3970e2f3d940', 'mail@Behindbars.dk', '', '0000-00-00', 0, 0, 0),
(45, 'Peter', 'd0be2dc421be4fcd0172e5afceea3970e2f3d940', 'mail@Behindbars.dk', '', '0000-00-00', 0, 0, 0),
(46, 'Frederik', 'd0be2dc421be4fcd0172e5afceea3970e2f3d940', 'mail@Behindbars.dk', '', '0000-00-00', 0, 0, 0),
(47, 'Friland', 'd0be2dc421be4fcd0172e5afceea3970e2f3d940', 'mail@Behindbars.dk', '', '0000-00-00', 0, 0, 0),
(48, 'Mads', 'd0be2dc421be4fcd0172e5afceea3970e2f3d940', 'mail@Behindbars.dk', '', '0000-00-00', 0, 0, 0),
(49, 'Markusogoliver', 'd0be2dc421be4fcd0172e5afceea3970e2f3d940', 'mail@Behindbars.dk', '', '0000-00-00', 0, 0, 0),
(50, 'xXx', 'd0be2dc421be4fcd0172e5afceea3970e2f3d940', 'mail@Behindbars.dk', '', '0000-00-00', 0, 0, 0),
(51, 'martins', 'd0be2dc421be4fcd0172e5afceea3970e2f3d940', 'mail@Behindbars.dk', '', '0000-00-00', 0, 0, 0),
(52, 'alfa', 'd0be2dc421be4fcd0172e5afceea3970e2f3d940', 'mail@Behindbars.dk', '', '0000-00-00', 0, 0, 0),
(53, 'muffin_x', 'd0be2dc421be4fcd0172e5afceea3970e2f3d940', 'mail@Behindbars.dk', '', '0000-00-00', 0, 0, 0),
(54, 'bjarne', 'd0be2dc421be4fcd0172e5afceea3970e2f3d940', 'mail@Behindbars.dk', '', '0000-00-00', 0, 0, 0),
(55, 'boegelund', 'd0be2dc421be4fcd0172e5afceea3970e2f3d940', 'mail@Behindbars.dk', '', '0000-00-00', 0, 0, 0),
(56, 'MartinC', 'd0be2dc421be4fcd0172e5afceea3970e2f3d940', 'mail@Behindbars.dk', '', '0000-00-00', 0, 0, 0),
(57, 'lasse', 'd0be2dc421be4fcd0172e5afceea3970e2f3d940', 'mail@Behindbars.dk', '', '0000-00-00', 0, 0, 0),
(58, 'dqe', 'd0be2dc421be4fcd0172e5afceea3970e2f3d940', 'mail@Behindbars.dk', '', '0000-00-00', 0, 0, 0),
(59, 'caspar', 'd0be2dc421be4fcd0172e5afceea3970e2f3d940', 'mail@Behindbars.dk', '', '0000-00-00', 0, 0, 0),
(60, 'Mathias-B', 'd0be2dc421be4fcd0172e5afceea3970e2f3d940', 'mail@Behindbars.dk', '', '0000-00-00', 0, 0, 0),
(61, 'Niller', 'd0be2dc421be4fcd0172e5afceea3970e2f3d940', 'mail@Behindbars.dk', '', '0000-00-00', 0, 0, 0),
(62, 'Kochy', 'd0be2dc421be4fcd0172e5afceea3970e2f3d940', 'mail@Behindbars.dk', '', '0000-00-00', 0, 0, 0),
(63, 'oxholm', 'd0be2dc421be4fcd0172e5afceea3970e2f3d940', 'mail@Behindbars.dk', '', '0000-00-00', 0, 0, 0),
(64, 'davi1188', 'd0be2dc421be4fcd0172e5afceea3970e2f3d940', 'mail@Behindbars.dk', '', '0000-00-00', 0, 0, 0),
(65, 'Nygaarf', 'd0be2dc421be4fcd0172e5afceea3970e2f3d940', 'mail@Behindbars.dk', '', '0000-00-00', 0, 0, 0),
(66, 'nygaard', 'd0be2dc421be4fcd0172e5afceea3970e2f3d940', 'mail@Behindbars.dk', '', '0000-00-00', 0, 0, 0),
(67, 'Dahl-o1', 'd0be2dc421be4fcd0172e5afceea3970e2f3d940', 'mail@Behindbars.dk', '', '0000-00-00', 0, 0, 0),
(68, 'Kenneth_N', 'd0be2dc421be4fcd0172e5afceea3970e2f3d940', 'mail@Behindbars.dk', '', '0000-00-00', 0, 0, 0),
(69, 'neslein', 'd0be2dc421be4fcd0172e5afceea3970e2f3d940', 'mail@Behindbars.dk', '', '0000-00-00', 0, 0, 0),
(70, 'kar', 'd0be2dc421be4fcd0172e5afceea3970e2f3d940', 'mail@Behindbars.dk', '', '0000-00-00', 0, 0, 0),
(71, 'steelazz', 'd0be2dc421be4fcd0172e5afceea3970e2f3d940', 'mail@Behindbars.dk', '', '0000-00-00', 0, 0, 0),
(72, 'Casper', 'd0be2dc421be4fcd0172e5afceea3970e2f3d940', 'mail@Behindbars.dk', '', '0000-00-00', 0, 0, 0),
(73, 'Markus', 'd0be2dc421be4fcd0172e5afceea3970e2f3d940', 'mail@Behindbars.dk', '', '0000-00-00', 0, 0, 0),
(74, '-ANTON-', 'd0be2dc421be4fcd0172e5afceea3970e2f3d940', 'mail@Behindbars.dk', '', '0000-00-00', 0, 0, 0),
(75, 'dk-den-hotte', 'd0be2dc421be4fcd0172e5afceea3970e2f3d940', 'mail@Behindbars.dk', '', '0000-00-00', 0, 0, 0),
(76, 'Tobias', 'd0be2dc421be4fcd0172e5afceea3970e2f3d940', 'mail@Behindbars.dk', '', '0000-00-00', 0, 0, 0),
(77, 'john', 'd0be2dc421be4fcd0172e5afceea3970e2f3d940', 'mail@Behindbars.dk', '', '0000-00-00', 0, 0, 0),
(78, 'bmx-palle', 'd0be2dc421be4fcd0172e5afceea3970e2f3d940', 'mail@Behindbars.dk', '', '0000-00-00', 0, 0, 0),
(79, '3500-Anders', 'd0be2dc421be4fcd0172e5afceea3970e2f3d940', 'mail@Behindbars.dk', '', '0000-00-00', 0, 0, 0),
(80, 'Morten9tuzz', 'd0be2dc421be4fcd0172e5afceea3970e2f3d940', 'mail@Behindbars.dk', '', '0000-00-00', 0, 0, 0),
(81, 'Staer', 'd0be2dc421be4fcd0172e5afceea3970e2f3d940', 'mail@Behindbars.dk', '', '0000-00-00', 0, 0, 0),
(82, 'Rune', 'd0be2dc421be4fcd0172e5afceea3970e2f3d940', 'mail@Behindbars.dk', '', '0000-00-00', 0, 0, 0),
(83, 'Thomas2970', 'd0be2dc421be4fcd0172e5afceea3970e2f3d940', 'mail@Behindbars.dk', '', '0000-00-00', 0, 0, 0),
(84, 'Tersing', 'd0be2dc421be4fcd0172e5afceea3970e2f3d940', 'mail@Behindbars.dk', '', '0000-00-00', 0, 0, 0),
(85, 'Jollyfreak', 'd0be2dc421be4fcd0172e5afceea3970e2f3d940', 'mail@Behindbars.dk', '', '0000-00-00', 0, 0, 0);

-- --------------------------------------------------------

--
-- Table structure for table `bmx_user_gallery`
--

CREATE TABLE IF NOT EXISTS `bmx_user_gallery` (
  `id` int(11) NOT NULL auto_increment,
  `title` varchar(255) NOT NULL,
  `description` text NOT NULL,
  `owner` int(11) NOT NULL,
  `public` smallint(1) NOT NULL default '1',
  `last_modified` int(11) NOT NULL,
  PRIMARY KEY  (`id`)
) ENGINE=MyISAM  DEFAULT CHARSET=utf8 AUTO_INCREMENT=7 ;

--
-- Dumping data for table `bmx_user_gallery`
--

INSERT INTO `bmx_user_gallery` (`id`, `title`, `description`, `owner`, `public`, `last_modified`) VALUES
(1, 'BMX Sne-tur', 'En dag tog vi en BMX, kombinerede den med en stejl kælkebakke og så hvad vi kunne få ud af det.', 1, 1, 1151463757),
(6, 'test', 'Der er endnu ikke skrevet en beskrivelse', 1, 0, 1162074434),
(5, 'test', 'Der er endnu ikke skrevet en beskrivelse', 1, 1, 1151463747);

-- --------------------------------------------------------

--
-- Table structure for table `bmx_user_gallery_pics`
--

CREATE TABLE IF NOT EXISTS `bmx_user_gallery_pics` (
  `id` int(11) NOT NULL auto_increment,
  `gallery_id` int(11) NOT NULL,
  `url` varchar(255) NOT NULL,
  `comment` varchar(255) NOT NULL,
  `timestamp` int(11) NOT NULL,
  `rating` smallint(6) NOT NULL default '0',
  PRIMARY KEY  (`id`)
) ENGINE=MyISAM  DEFAULT CHARSET=utf8 AUTO_INCREMENT=12 ;

--
-- Dumping data for table `bmx_user_gallery_pics`
--

INSERT INTO `bmx_user_gallery_pics` (`id`, `gallery_id`, `url`, `comment`, `timestamp`, `rating`) VALUES
(8, 5, 'kawsper/1151463734.jpg', 'tihi', 1151463734, 0),
(9, 5, 'kawsper/1151463747.jpg', 'haha', 1151463747, 0),
(10, 1, 'kawsper/1151463757.jpg', 'mums', 1151463757, 0),
(11, 0, 'kawsper/1167720681.jpg', '', 1167720681, 0);

-- --------------------------------------------------------

--
-- Table structure for table `bmx_user_gallery_pics_entries`
--

CREATE TABLE IF NOT EXISTS `bmx_user_gallery_pics_entries` (
  `id` int(11) NOT NULL auto_increment,
  `bmx_pic_id` int(11) NOT NULL,
  `text` longtext NOT NULL,
  `bmx_user_id` int(11) NOT NULL,
  `timestamp` int(11) NOT NULL,
  PRIMARY KEY  (`id`)
) ENGINE=MyISAM  DEFAULT CHARSET=utf8 AUTO_INCREMENT=2 ;

--
-- Dumping data for table `bmx_user_gallery_pics_entries`
--

INSERT INTO `bmx_user_gallery_pics_entries` (`id`, `bmx_pic_id`, `text`, `bmx_user_id`, `timestamp`) VALUES
(1, 10, 'eouoeoeuoeuoeu', 1, 1161313791);

-- --------------------------------------------------------

--
-- Table structure for table `bmx_user_stats`
--

CREATE TABLE IF NOT EXISTS `bmx_user_stats` (
  `bmx_user_id` int(11) NOT NULL,
  `posts` int(11) NOT NULL,
  `topic_posts` int(11) NOT NULL,
  `logins` int(11) NOT NULL,
  `logins_failed` int(11) NOT NULL,
  `articles_written` int(11) NOT NULL,
  `howtos_added` int(11) NOT NULL,
  `pictures_added` int(11) NOT NULL,
  `polls_voted` int(11) NOT NULL
) ENGINE=MyISAM DEFAULT CHARSET=utf8;

--
-- Dumping data for table `bmx_user_stats`
--

